Stephen King, Fiction is the truth inside the lie.
Stephen King — It, We lie best when we lie to ourselves.
Stephen King — It, Quiet people have the loudest minds.
Stephen King — It, Eddie discovered one of his childhood's great truths that grownups are the real monsters.
Stephen King — It, How it is to be children secure in belief and thus afraid of the dark.
Stephen King — The Green Mile, Sometimes the embers are better than the campfire.
Stephen King — The Green Mile, We each owe a death there are no exceptions.
Stephen King — Different Seasons, Get busy living or get busy dying.
Stephen King — Storm of the Century, And the thundering voice of God answered: There's just something about you that pisses me off.
Stephen King — The Stand, No one can tell what goes on in between the person you were and the person you become. No one can chart that blue and lonely section of hell. There are no maps of the change. You just come out the other side.
Stephen King — The Stand, If we don't have each other we go crazy with loneliness. When we do we go crazy with togetherness.
Stephen King — The Stand, Above the stars shone hard and bright sparks struck off the dark skin of the universe.
Stephen King — Doctor Sleep, Fear stands for Fuck Everything And Run.
Stephen King — The Dark Tower, I aim with my eye I shoot with my mind I kill with my heart.
Stephen King — The Dark Tower, He who kills with his gun has forgotten the face of his father.
Stephen King — The Dark Tower, Never’s the word God listens for when he needs a laugh.
Stephen King — The Dark Tower, Time flies knells call life passes so hear my prayer. Birth is nothing but death begun so hear my prayer. Death is speechless so hear my speech.
Stephen King — The Dark Tower, Wish in one hand shit in the other see which one fills up first.
Stephen King — The Dark Tower, And will I tell you that these three lived happily ever after? I will not for no one ever does. But there was happiness. And they did live.
LP Hartley — The Go-Between, The past is a foreign country; they do things differently there.
William Gibson — Neuromancer, Things aren't different. Things are things.
William Gibson — Neuromancer, His eyes were eggs of unstable crystal vibrating with a frequency whose name was rain and the sound of trains suddenly sprouting a humming forest of hair-fine glass spines.
William Gibson — Neuromancer, A middleman’s business is to make himself a necessary evil.
William Gibson — Neuromancer, Lost so small amid that dark hands grown cold body image fading down corridors of television sky.
William Gibson — The Peripheral, Eras are conveniences particularly for those who never experienced them. We carve history from totalities beyond our grasp.
William Gibson — Pattern Recognition, The future is there... looking back at us. Trying to make sense of the fiction we will have become.
William Gibson — Pattern Recognition, He took a duck in the face at 250 knots.
William Gibson — Distrust that Particular Flavor, Time moves in one direction memory in another.
William Gibson — Count Zero, Stand high long enough and your lightning will come.
James Joyce — Finnegan’s Wake, They lived and laughed and loved and left.
James Joyce — Finnegan’s Wake, First we feel then we fall.
James Joyce — Portrait of the Artist as a Young Man, His heart danced upon her movements like a cork upon a tide. He heard what her eyes said to him from beneath their cowl and knew that in some dim past whether in life or revery he had heard their tale before.
James Joyce — Portrait of the Artist as a Young Man, At the end of all those billions and trillions of years eternity would have scarcely begun.
James Joyce — Portrait of the Artist as a Young Man, You talk to me of nationality language religion. I shall try to fly by those nets.
James Joyce — Portrait of the Artist as a Young Man, A day of dappled seaborne clouds.
James Joyce — The Dead, His soul swooned softly as he heard the snow falling faintly through the universe and faintly falling like the descent of their last end upon all the living and the dead.
James Joyce — Selected Letters, I think I would know Nora's fart anywhere. I think I could pick hers out in a roomful of farting women.
James Joyce — Dubliners, The light music of whisky falling into glasses made an agreeable interlude.
James Joyce — Ulysses, The sea the snotgreen sea the scrotumtightening sea.
James Joyce — Ulysses, The heaventree of stars hung with humid nightblue fruit.
James Joyce — Ulysses, Love loves to love love.
James Joyce — Ulysses, History is a nightmare from which I am trying to wake.
James Joyce — Ulysses, Thought is the thought of thought.
James Joyce — Ulysses, When one reads these strange pages of one long gone one feels that one is at one with one who once.
James Joyce — Ulysses, Longest way round is the shortest way home.
James Joyce, I fear those big words which make us so unhappy.
James Joyce — Ulysses, God made food. The devil the cooks.
James Joyce — Ulysses, Let my country die for me.
James Joyce — Ulysses, Then I asked him with my eyes to ask again yes and then he asked me would I yes to say yes my mountain flower and first I put my arms around him yes and drew him down to me so he could feel my breasts all perfume yes and his heart was going like mad and yes I said yes I will Yes.
James Joyce — Ulysses, Her antiquity in preceding and surviving succeeding tellurian generations: her nocturnal predominance: her satellitic dependence: her luminary reflection: her constancy under all her phases rising and setting by her appointed times waxing and waning: the forced invariability of her aspect: her indeterminate response to inaffirmative interrogation: her potency over effluent and refluent waters: her power to enamour to mortify to invest with beauty to render insane to incite to and aid delinquency: the tranquil inscrutability of her visage: the terribility of her isolated dominant resplendent propinquity: her omens of tempest and of calm: the stimulation of her light her motion and her presence: the admonition of her craters her arid seas her silence: her splendour when visible: her attraction when invisible.
James Joyce — Ulysses, Every life is in many days day after day. We walk through ourselves meeting robbers ghosts giants old men young men wives widows brothers-in-love but always meeting ourselves.
James Joyce — Ulysses, Shakespeare is the happy hunting ground of all minds that have lost their balance.
Iain Banks — The Crow Road, It was the day my grandmother exploded.
Beth Revis — Across the Universe, The glitter in the sky looks as if I could scoop it all up in my hands and let the stars swirl and touch one another but they are so distant so very far apart that they cannot feel the warmth of each other even though they are made of burning.
Oscar Wilde — The Importance of Being Earnest, If you are not long I will wait here for you all my life.
Oscar Wilde — The Importance of Being Earnest, The truth is rarely pure and never simple.
Oscar Wilde — The Importance of Being Earnest, I never travel without my diary. One should always have something sensational to read in the train.
Oscar Wilde — The Importance of Being Earnest, I could deny it if I liked. I could deny anything if I liked.
Oscar Wilde — The Picture of Dorian Gray, The curves of your lips rewrite history.
Oscar Wilde, Some cause happiness wherever they go. Others cause happiness whenever they go.
Oscar Wilde — The Picture of Dorian Gray, Always forgive your enemies. Nothing annoys them so much.
Oscar Wilde — The Picture of Dorian Gray, To define is to limit.
Oscar Wilde — The Picture of Dorian Gray, Experience is merely the name men gave to their mistakes.
Oscar Wilde — The Picture of Dorian Gray, When one is in love one always begins by deceiving one's self and one always ends by deceiving others.
Oscar Wilde — The Picture of Dorian Gray, She is a peacock in everything but beauty.
Oscar Wilde — The Picture of Dorian Gray, Every portrait that is painted with feeling is a portrait of the artist not of the sitter.
Oscar Wilde — The Picture of Dorian Gray, Nowadays people know the price of everything and the value of nothing.
Oscar Wilde, Quotation is a serviceable substitute for wit.
Oscar Wilde, The world is a stage but the play is badly cast.
Ruskin Bond — Scenes from a Writers Life, And when all the wars are over a butterfly will still be beautiful.
Gregory Roberts — Shantaram, Happiness is a myth. It was invented to make us buy new things.
Gregory Roberts — Shantaram, The truth is a bully we all pretend to like.
Gregory Roberts — Shantaram, A politician is someone who promises a bridge even when there's no water.
Gregory Roberts — Shantaram, Didier once told me in a rambling midnight dissertation that a dream is the place where a wish and a fear meet. When the wish and the fear are exactly the same he said we call the dream a nightmare.
Gregory Roberts — Shantaram, I smoked in those days because like everyone else in the world who smokes I wanted to die at least as much as I wanted to live.
Gregory Roberts — Shantaram, Fanatics have the look of people who do not masturbate but who think about it almost all time.
Gregory Roberts — Shantaram, We took the ocean with us. We carry oceans inside of us in our blood and our sweat. And we are crying the oceans in our tears.
Gregory Roberts — Shantaram, News tells you what people did. Gossip tells you how much they enjoyed it.
Gregory Roberts — Shantaram, Sometimes we love with nothing more than hope. Sometimes we cry with everything except tears. In the end that’s all there is: love and its duty sorrow and its truth. In the end that’s all we have - to hold on tight until the dawn
Gregory Roberts — Shantaram, She said I was interested in everything and committed to nothing.
Gregory Roberts — Shantaram, Sometimes you break your heart in the right way if you know what I mean.
Zora Neale Hurston — Their Eyes were Watching God, There are years that ask questions and years that answer
Zora Neale Hurston — Their Eyes were Watching God, She stood there until something fell off the shelf inside her
David Sedaris — Barrel Fever, If you’re looking for sympathy you’ll find it between shit and syphilis in the dictionary.
Kate Chopin — The Awakening, The voice of the sea is seductive; never ceasing whispering clamoring murmuring inviting the soul to wander for a spell in abysses of solitude; to lose itself in mazes of inward contemplation. The voice of the sea speaks to the soul.
Kate Chopin — The Awakening, There are some people who leave impressions not so lasting as the imprint of an oar upon the water.
Kate Chopin — The Awakening, It was going to be a beautiful morning I remember thinking as I left the house; soft and close bursting with whispered promises as only a daybreak in early summer can be.
Kate Chopin — The Awakening, She wanted something to happen - something anything: she did not know what.
Kate Chopin — The Awakening, But she saw beyond that bitter moment a long procession of years to come that would belong to her absolutely.
Kate Chopin — The Awakening, She turned her face seaward to gather in an impression of space and solitude which the vast expanse of water meeting and melting with the moonlit sky conveyed to her excited fancy. As she swam she seemed to be reaching out for the unlimited in which to lose herself.
Kate Chopin — The Awakening, The delicious breath of rain was in the air.
Pablo Neruda — Tonight I Can write, I loved her and sometimes she loved me too.
Wildbow — Worm, You needed worthy opponents.
Wildbow — Worm, If there are two and a half words you don’t want to hear from a person who can see the future those words are: I’m sorry.
Wildbow — Worm, Finally everyone was working together.
Wildbow — Worm, Make the mountains twice as tall and the chasms twice as deep and things start crumbling.
Wildbow — Worm, Everything exists.
Steven Erikson — Gardens of the Moon, First in last out.
Steven Erikson — Deadhouse Gates, It is not the Empire’s soldiers the Empress cannot afford to lose it is its memory.
Steven Erikson — Deadhouse Gates, Children are dying. That’s a succint summary of humankind I’d say.
Steven Erikson — Midnight Tides, I am a caster of nets. Tyrants and emperors rise and fall. Civilizations burgeon then die but there are always casters of nets. And tillers of the soil and herders in the pastures. We are where civilization begins and when it ends we are there to begin it again.
Steven Erikson — Midnight Tides, In these dark waters one cannot feel one’s own tears.
Steven Erikson — The Crippled God, He was not a modest man. Contemplating suicide he summoned a dragon.
Steven Erikson — Dust of Dreams, Such is the vastness of his genius that he can even outwit himself.
Steven Erikson — Dust of Dreams, The dust dreams of the world it had once been. But the dust alas does not command the wind.
Steven Erikson — Gardens of the Moon, The miracle of hindsight is how it transforms great military geniuses of the past into incompetent idiots and incompetent idiots of the present into great military geniuses.
Steven Erikson — Toll the Hounds, The soul knows no greater anguish than to take a breath that begins with love and ends with grief.
Steven Erikson — Reaper’s Gale, The shore gives way to the sea. And the sea my friends Does not dream of you.
Steven Erikson — Reaper’s Gale, The slower the river the redder it runs.
Steven Erikson — Deadhouse Gate, It’s the curse of history that those who should read them never do.
Steven Erikson — Dust of Dreams, I have found seventeen species of shellfish on this beach. Proof that the world is round.
Steven Erikson — The House of Chains, Witness.
Steven Erikson — The Crippled God, And now the page before us blurs. An age is done. The book must close. We are abandoned to history.
Anne Tyler — Back When We Were Grownups, Once upon a time there was a women who discovered she had turned into the wrong person.
David Mitchell — Cloud Atlas, A half-read book is a half-finished love affair.
David Mitchell — Cloud Atlas, Time is the speed at which the past disappears.
David Mitchell — Cloud Atlas, A book you finish reading is not the same book it was before you read it.
David Mitchell — Cloud Atlas, By each crime and kindness we birth our future.
David Mitchell — Cloud Atlas, Being born's a hell of a lottery.
David Mitchell — Cloud Atlas, Travel far enough you meet yourself.
David Mitchell — Cloud Atlas, My life amounts to no more than one drop in a limitless ocean. Yet what is any ocean but a multitude of drops?
David Mitchell — Cloud Atlas, Now I'm a spent firework; but at least I've been a firework.
David Mitchell — Cloud Atlas, Fantasy. Lunacy. All revolutions are until they happen then they are historical inevitabilities.
David Mitchell — The Bone Clocks, Being born’s a hell of a lottery.
David Mitchell — The Bone Clocks, Books can talk but do not listen.
David Mitchell — The Bone Clocks, If life didn’t change it wouldn’t be life it’d be a photograph.
John Irving — The World According to Garp, They were involved in that awkward process of getting to unknow each other.
Jason Reynolds — Long Way Down, People always love people more when they are dead.
Jason Reynolds — Long Way Down, His face was wet with tears he wasn't supposed to cry when he was alive.
Jason Reynolds — Ghost, You can't run away from who you are but what you can do is run toward who you want to be.
Jason Reynolds — Ghost, I got a lot of scream inside.
Jason Reynolds — For Every One, Our dreams could be as far away as forever or as close as lunchtime.
Jason Reynolds — For Every One, Dreams don't have timelines deadlines and aren't always in straight lines.
Jason Reynolds — All American Boys, Nobody says the words anymore but somehow the violence still remains.
Jason Reynolds — The Boy in the Black Suit, Death isn't bad. It's not. It's just that life is so good.
Phillip K Dick — Valis, It is sometimes an appropriate response to reality to go insane.
Douglas Adams — The Hitchhiker’s Guide to the Galaxy, Ford... you're turning into a penguin. Stop it.
Douglas Adams — The Hitchhiker’s Guide to the Galaxy, The future is always changing and we're all going to have to live there.
Douglas Adams — Mostly Harmless, Nothing travels faster than the speed of light with the possible exception of bad news which obeys its own special laws.
Douglas Adams — The Restaurant at the End of the Universe, In the beginning the Universe was created. This has made a lot of people very angry and been widely regarded as a bad move.
Douglas Adams — The Restaurant at the End of the Universe, The air of one who is trying to convert Fahrenheit to centigrade in his head while his house is burning down.
Douglas Adams — The Hitchhiker’s Guide to the Galaxy, Time is an illusion. Lunchtime doubly so.
Douglas Adams, Forty two.
Douglas Adams — The Hitchhiker’s Guide to the Galaxy, Don’t panic.
Douglas Adams — Mostly Harmless, A common mistake that people make when trying to design something completely foolproof is to underestimate the ingenuity of complete fools.
Douglas Adams — Hitchhikers Guide to the Galaxy, I get stranger things than you free with my breakfast cereal.
Douglas Adams — Life the Universe and Everything, My doctor says that I have a malformed public-duty gland and a natural deficiency in moral fiber.
Douglas Adams — Life the Universe and Everything, Only twenty minutes ago he had decided he would go mad and now here he was already chasing a Chesterfield sofa across the fields of prehistoric Earth.
Douglas Adams — Hitchhikers Guide to the Galaxy, The ships hung in the sky in much the same way that bricks don't.
Douglas Adams — The Restaurant at the End of the Universe, Reality is frequently inaccurate.
Douglas Adams — The Restaurant at the End of the Universe, I always knew there was something fundamentally wrong with the Universe.
Bret Easton Ellis — American Psycho, We buy balloons we let them go.
Susanna Clarke — Piranesi, In my mind are all the tides their seasons their ebbs and their flows. In my mind are all the halls the endless procession of them the intricate pathways. When this world becomes too much for me when I grow tired of the noise and the dirt and the people I close my eyes and I name a particular vestibule to myself; then I name a hall.
Susanna Clarke — Piranesi, Once men and women were able to turn themselves into eagles and fly immense distances. They communed with rivers and mountains and received wisdom from them. They felt the turning of the stars inside their own minds.
Susanna Clarke — Piranesi, Paper lanterns were hanging from the wires spheres of vivid orange that blew and trembled in the snow and the thin wind; the sea-grey clouds raced across the sky and the orange lanterns shivered against them. The Beauty of the House is immeasurable; its Kindness infinite.
Susanna Clarke — Piranesi, She wanted to go to university to study Death Stars and Mathematics. Inexplicably the University of Manchester didn’t offer such a course so she settled for Mathematics.
Susanna Clarke — Jonathan Strange and Mr. Norrell, She wore a gown the color of storms shadows and rain and a necklace of broken promises and regrets.
Susanna Clarke — Jonathan Strange and Mr. Norrell, To be more precise it was the color of heartache.
Susanna Clarke — Jonathan Strange and Mr. Norrell, Time and I have quarrelled. All hours are midnight now.
Susanna Clarke — Jonathan Strange and Mr. Norrell, No young lady ever had such advantages before: for she died upon the Tuesday was raised to life in the early hours of Wednesday morning and was married upon the Thursday; which some people thought too much excitement for one week.
Susanna Clarke — Jonathan Strange and Mr. Norrell, As everybody knows no one with red hair can ever truly be said to be handsome.
Susanna Clarke — Jonathan Strange and Mr. Norrell, He became the earth. A star looked down on him and spoke to him. A stone asked him a question and he answered it in its own language. A river curled at his side; hills budded beneath his fingers. He opened his mouth and breathed out spring.
Susanna Clarke — Jonathan Strange and Mr. Norrell, Did you ever look into an English novel? Well do not trouble yourself. It is nothing but a lot of nonsense about girls with fanciful names getting married.
Susanna Clarke — Jonathan Strange and Mr. Norrell, Green as if the trees were dreaming green greens or thinking green thoughts.
Susanna Clarke — Jonathan Strange and Mr. Norrell, I have a scholar’s love of silence and solitude.
Jonathan Franzen — The Corrections, She was seventy-five and she was going to make some changes in her life.
Lang Leav — Lullabies, I still search for you in crowds in empty fields and soaring clouds. In city lights and passing cars on winding roads and wishing stars.
Lang Leav — Love and Misadventure, He just is I just am and we just are.
Lang Leav — Love and Misadventure, Do you love me? I ask. In your hesitation I found my answer.
Lang Leav — Love and Misadventure, I was there in your forgetting until I was forgot.
Azar Nafisi — Reading Lolita in Tehran, You get a strange feeling when you're about to leave a place I told him like you'll not only miss the people you love but you'll miss the person you are now at this time and this place because you'll never be this way ever again.
Azar Nafisi — Reading Lolita in Tehran, Reality has become so intolerable she said so bleak that all I can paint now are the colors of my dreams.
Azar Nafisi — Reading Lolita in Tehran, You don't read Gatsby I said to learn whether adultery is good or bad.
Azar Nafisi — Reading Lolita in Tehran, We in ancient countries have our past--we obsess over the past. They the Americans have a dream: they feel nostalgia about the promise of the future.
Azar Nafisi — Reading Lolita in Tehran, I'm a perfectly equipped failure.
Azar Nafisi — Reading Lolita in Tehran, Art is as useful as bread.
Tim O’Brien — The Things They Carried, They carried the sky. The whole atmosphere they carried it the humidity the monsoons the stink of fungus and decay all of it they carried gravity.
Tim O’Brien — The Things They Carried, A lot like yesterday. A lot like never.
Tim O’Brien — The Things They Carried, But the thing about remembering is that you don't forget.
Bernard Malamud — The Fixer, Where to look if you’ve lost your mind?
David Foster Wallace — Infinite Jest, Everybody is identical in their secret unspoken belief that way deep down they are different from everyone else.
David Foster Wallace — Infinite Jest, You will become way less concerned with what other people think of you when you realize how seldom they do.
David Foster Wallace — Infinite Jest, The truth will set you free. But not until it is finished with you.
David Foster Wallace — Infinite Jest, If you’ve never wept and want to have a child.
David Foster Wallace — Brief Interviews with Hideous Men, Bees have to move very fast to stay still.
David Foster Wallace — The Pale King, How odd I can have all this inside me and to you it’s just words.
Iris Murdoch — Existentialists and Mystics, Love is the extremely difficult realization that something other than oneself is real.
Ken Kesey — One Flew over the Cuckoo's Nest, It's the truth even if it didn't happen.
Ken Kesey — One Flew Over the Cuckoo’s Nest, He Who Marches Out Of Step Hears Another Drum
Ken Kesey — One Flew over the Cuckoo’s Nest, Good writing ain’t necessarily good reading
Ken Kesey — One Flew over the Cuckoo’s Nest, But at least I tried
Ken Kesey — One Flew over the Cuckoo’s Nest, In this country when something is out of order then the quickest way to get it fixed is the best way.
Ken Kesey — One Flew over the Cuckoo’s Nest, I listened to them fade away till all I could hear was my memory of the sound.
Felipe Alfau — Chromos, The moment one learns English complications set in.
William Goldman — The Princess Bride, To the pain.
William Goldman — The Princess Bride, When I was your age television was called books.
William Goldman — The Princess Bride, Truly you have a dizzying intellect.
William Goldman — The Princess Bride, True love is the best thing in the world except cough drops.
William Goldman — The Princess Bride, As you wish.
William Goldman — The Princess Bride, If she stops breathing in the very near future it is entirely possible you will catch the same fatal illness.
William Goldman — The Princess Bride, This is my favorite book in all the world though I have never read it.
William Goldman — The Princess Bride, You seem a decent fellow. I hate to die.
William Goldman — The Princess Bride, You are trying to kidnap what I have rightfully stolen and I think it quite ungentlemanly.
William Goldman — The Princess Bride, This was after taxes. But everything is after taxes. Taxes were here even before stew.
William Goldman — The Princess Bride, Life isn’t fair it’s just fairer than death that’s all.
William Goldman — The Princess Bride, My name is Inigo Montoya. You killed my father. Prepare to die.
Lois Lowry — The Giver, It’s the choosing that’s important isn’t it?
E Lockhart — We Were Liars, She is sugar curiosity and rain.
E Lockhart — We Were Liars, Be a little kinder than you have to. Never eat anything bigger than your ass. Do not accept an evil you can change. Always do what your afraid to do.
E Lockhart — We Were Liars, The universe is seeming really huge right now. I need something to hold on to.
E Lockhart — We Were Liars, A novel should deliver a series of small astonishments.
E Lockhart — We Were Liars, Here in some way we are young forever.
Rachel Lynn Solomon — Today Tonight Tomorrow, Tsundoku. It’s my favorite word in any language. It means acquiring more books than you could ever realistically read.
Salman Rushdie — Midnight’s Children, We all owe death a life.
Salman Rushdie — Midnight’s Children, I am the sum total of everything that went before me of all I have been seen done of everything done-to-me. I am everyone everything whose being-in-the-world affected was affected by mine. I am anything that happens after I'm gone which would not have happened if I had not come.
Salman Rushdie — Midnight’s Children, I have been a swallower of lives; and to know me just the one of me you'll have to swallow the lot as well.
Salman Rushdie — Midnight’s Children, Life again refused to remain lifesized.
Salman Rushdie — Midnight’s Children, For an instant silence. Noisier than a waterfall.
Salman Rushdie — Imaginary Homelands, Never forget that writing is as close as we get to keeping a hold on the thousand and one things–childhood certainties cities doubts dreams instants phrases parents loves–that go on slipping like sand through our fingers.
Niccolo Machiavelli, It is better to be feared than loved.
Niccolo Machiavelli — The Prince, Everyone sees what you appear to be few experience what you really are..
Niccolo Machiavelli — The Prince, Learn the way to Hell in order to flee from it.
Mark Lawrence — Prince of Thorns, There is something brittle in me that will break before it bends.
Leigh Bardugo — Six of Crows, No mourners. No funerals.
Leigh Bardugo — Six of Crows, The easiest way to steal a man’s wallet is to tell him you’re going to steal his watch.
Leigh Bardugo — Six of Crows, The water hears and understands. The ice does not forgive.
Leigh Bardugo — Crooked Kingdom, Meeting you was a disaster.
Leigh Bardugo — Crooked Kingdom, This action will have no echo.
Leigh Bardugo — Shadow and Bone, Make me your villain.
Leigh Bardugo — Siege and Storm, When people say impossible they usually mean improbable.
Leigh Bardugo — Siege and Storm, The less you say the more weight your words will carry.
Leigh Bardugo — Six of Crows, Stay till the end. And after. And always.
Nina LaCour — We Are Okay, We were nostalgic for a time that wasn’t yet over.
TS Eliot — The Love Song of Alfred Prufrock, I have measured out my life with coffee spoons.
TS Eliot, You are the music while the music lasts.
TS Eliot — Four Quartets, For last year’s words belong to last year’s language. And next year’s words await another voice.
TS Eliot — Four Quartets, Footfalls echo in the memory down the passage we did not take towards the door we never opened into the rose garden.
TS Eliot — Four Quartets, At the still point there the dance is.
John Darnielle — Wolf in White Van, It isn’t really much of a mystery this occasional need I have to comfort my father. I did something terrible to his son once.
Robert Jordan — Wheel of Time, The Wheel weaves as the Wheel wills.
Robert Jordan — Eye of the World, In war fools kill other fools for foolish causes.
Robert Jordan — Wheel of Time, Almost dead yesterday maybe dead tomorrow but alive gloriously alive today.
Robert Jordan — Fires of Heaven, I would burn the world and use my soul for tinder to hear her laugh again.
Robert Jordan — The Dragon Reborn, We rode on the winds of the rising storm We ran to the sounds of the thunder. We danced among the lightning bolts And tore the world asunder.
Robert Jordan — Knife of Dreams, My husband rides from World's End toward Tarwin's Gap toward Tarmon Gai'don. Will he ride alone?
Robert Jordan — Knife of Dreams, Till shade is gone till water is gone into the Shadow with teeth bared screaming defiance with the last breath to spit in Sightblinder’s eye on the last Day.
Robert Jordan — The Great Hunt, I won't shout at you” Nynaeve shouted.
Robert Jordan — The Gathering Storm, Dream on my behalf. Dream for things I no longer can.
Robert Jordan — The Lord of Chaos, Caution once forgotten could be forgotten once too often.
Robert Jordan — A Memory of Light, Death is lighter than a feather.
Robert Jordan — A Memory of Light, He came like the wind like the wind touched everything and like the wind was gone.
Robert Jordan — The Shadow Rising, Do not trouble trouble till trouble troubles you.
Robert Jordan, Read and find out.
Tahereh Mafi — Shatter Me, Raindrops are my only reminder that clouds have a heartbeat.
Percy Bysshe Shelley — Prometheus Unbound, Soul meets soul on lover’s lips.
Percy Bysshe Shelley — Prometheus Unbound, And the abyss shouts from her depth laid bare Heaven hast thou secrets? Man unveils me; I have none.
Lydia Davis — Samuel Johnson Is Indignant, At a certain point in her life she realises it is not so much that she wants to have a child as that she does not want not to have a child or not to have had a child.
Ayn Rand — The Fountainhead, I could die for you. But I couldn’t live for you.
Ayn Rand — Atlas Shrugged, If you saw Atlas what would you tell him? To shrug.
Jesse Andrews — Me and Earl and the Dying Girl, The most beautiful thing about you is that you’re not a sock puppet.
SE Hinton — The Outsiders, Stay gold pony boy. Stay gold.
SE Hinton — The Outsiders, The sunset she saw from her patio and the one I saw from the back steps was the same one.
SE Hinton — The Outsiders, Dally was so real he scared me.
SE Hinton — The Outsiders, I lie to myself all the time. But I never believe me.
SE Hinton — The Outsiders, I knew he would be dead… because Dally Winston wanted to be dead and he always got what he wanted.
SE Hinton — The Outsiders, I liked my books and clouds and sunsets.
Sabaa Tahir — An Ember in the Ashes, Life is made of so many moments that mean nothing.
Sabaa Tahir — An Ember in the Ashes, So my choices are to stay and be evil or to run and be evil. Wonderful.
Sabaa Tahir — An Ember in the Ashes, The field of battle is my temple. The swordpoint is my priest. The dance of death is my prayer. The killing blow is my release.
Patricia McKillip — The Forgotten Beasts of Eld, Soon is such a long word.
Patricia McKillip — The Forgotten Beasts of Eld, I thought of you with your hair silver as snow all through that cold slow journey from Sirle.
Patricia McKillip — The Forgotten Beasts of Eld, You can weave your life so long -- only so long and then a thing in the world out of your control will tug at one vital thread and leave you patternless and subdued.
John Milton — Paradise Lost, Better to reign in Hell than serve in Heaven.
John Milton — Paradise Lost, Did I request thee Maker from my clay to mould me man? Did I solicit thee from darkness to promote me?
Leo Tolstoy — Anna Karenina, Everyone thinks of changing the world but no one thinks of changing himself.
Leo Tolstoy — Anna Karenina, At his usual time he got up and made his toilet for the night.
Leo Tolstoy — Anna Karenina, He stepped down trying not to look long at her as if she were the sun yet he saw her like the sun even without looking.
Leo Tolstoy — Anna Karenina, To educate the peasantry three things are needed: schools schools and schools.
Leo Tolstoy — Anna Karenina, He looked at her as a man might look at a faded flower he had plucked in which it was difficult for him to trace the beauty that had made him pick and so destroy it.
Leo Tolstoy — Anna Karenina, Every heart has its skeletons.
Leo Tolstoy — Anna Karenina, There can be no peace for us only misery and the greatest happiness.
Leo Tolstoy — Anna Karenina, Happy families are all alike; every unhappy family is unhappy in its own way.
Leo Tolstoy — War and Peace, The stars too they tell of spring returning.
Leo Tolstoy — War and Peace, All we know is that we know nothing.
Leo Tolstoy — War and Peace, Music is the shorthand of emotion.
Leo Tolstoy, If you want to be happy be.
Rainbow Rowell — Eleanor and Park, You’re the kind of person I want to be with when I want to be alone
Francesca Zappia — Made You Up, Believing something existed and then finding out it didn’t was like reaching the top of the stairs and thinking there was one more step.
Ernest Hemingway — A Moveable Feast, But this is how Paris was in the early days when we were very poor and very happy.
Ernest Hemingway — a Moveable Feast, We would be together and have our books and at night be warm in bed together with the windows open and the stars bright.
Ernest Hemingway — The Sun Also Rises, You’re not a moron. You’re only a case of arrested development.
Ernest Hemingway — The Sun Also Rises, Isn’t it pretty to think so?
Ernest Hemingway — The Sun Also Rises, You can't get away from yourself by moving from one place to another.
Ernest Hemingway — The Garden of Eden, The drinks are strong. But there’s a strong wind today and we drink according to the wind.
Ernest Hemingway — For Whom the Bell Tolls, Today is only one day in all the days that will ever be.
Ernest Hemingway — For Whom the Bell Tolls, I loved you when I saw you today and I loved you always but I never saw you before.
Ernest Hemingway, There is nothing to writing. You just sit down in front of a typewriter and bleed.
Ernest Hemingway — A Farewell to Arms, All thinking men are atheists.
Ernest Hemingway — A Farewell to Arms, The world breaks every one and afterward many are strong at the broken places.
Ernest Hemingway — A Farewell to Arms, Maybe you’ll fall in love with me all over again.
Daniel Handler — Ersatz Elevator, If we wait until we're ready we'll be waiting for the rest of our lives.
Junot Diaz — This Is How You Lose Her, The half-life of love is forever.
Junot Diaz — This Is How You Lose Her, That was the summer when everything we would become was hovering just over our heads.
Junot Diaz — This Is How You Lose Her, You're the only person I've ever met who can stand a bookstore as long as I can.
Junot Diaz — This Is How You Lose Her, As soon as you start thinking about the beginning it's the end.
Jill Eisenstadt — From Rockaway, Her legs swing complete afternoons away.
Graham Joyce — Some Kind of Fairy Tale, Twenty years is after all a long time. We are not the same people we were.
Graham Joyce — Some Kind of Fairy Tale, The modern superstition is that we are free from superstition.
Graham Joyce — How to Make Friends with Demons, There is no mid about it. Life is a crisis from the cradle to the grave.
Clive Barker — The Thief of Always, The great grey beast February had eaten Harvey Swick alive.
Clive Barker — The Thief of Always, Wherever I go I will speak of you with love.
Clive Barker — Cabal, The sun rose like a stripper.
Clive Barker — Imajica, We’re too much ourselves.
Anne Bishop — The House of Gaian, The moon waxes and wanes. The tides ebb and flow. The seasons turn each in their own time. Ever changing never changing. Of course you’ll change. The dance of life spirals remember? Even when you return to a point you’re not in the same place. The dance would have changed you whether you’d come here or stayed home.
Larry Niven — Ringworld, The dinosaurs became extinct because they didn't have a space program.
Larry Niven — N-Space, Never throw shit at an armed man. And never stand next to someone who is throwing shit at an armed man.
Larry Niven — Ringworld, A civilization has the ethics it can afford.
Larry Niven — Ringworld, The air smelled of ozone and puppeteers.
Larry Niven — Ringworld, Retreat hell! We're just attacking in the opposite direction!
Larry Niven — Ringworld, God was knocking and he wanted it bad.
Larry Niven — Ringworld, Nude is artistic. Naked is defenseless.
Larry Niven — The Goliath Stone, And sometimes the only way to call attention to bad construction was to set fire to the building.
Larry Niven — Lucifer’s Hammer, The majority is always sane.
Larry Niven — A World Out of Time, The State has a superfluity of testicles.
Larry Niven — A World Out of Time, Never tell a computer to forget it.
Larry Niven — The Ringworld Engineers, How much intelligence does it take to sneak up on a leaf?
Larry Riven — Lucifer’s Hammer, He'd packed books not to entertain nor even to illustrate philosophies of life but to rebuild civilization.
Larry Niven — Ringworld, Every world should have at least one unclimbable mountain.
Matt Ruff — Lovecraft Country, But stories are like people Atticus. Loving them doesn't make them perfect.
Sarah Dessen — The Truth About Forever, The truth about forever is that it’s happening right now.
Sarah Dessen — Just Listen, There comes a time when the world gets quiet and the only thing left is your own heart.
Sarah Dessen — Just Listen, All I'd ever wanted was to forget. but even when I thought I had pieces had kept emerging like bits of wood floating up to the surface that only hint at the shipwreck below.
Sarah Dessen — This Lullaby, Some things don't last forever but some things do. Like a good song or a good book or a good memory you can take out and unfold in your darkest times pressing down on the corners and peering in close hoping you still recognize the person you see there.
Sarah Dessen — Lock and Key, It’s a lot easier to be lost than found.
Jean Paul Sartre, If you are lonely while you’re alone you’re in bad company.
Jean Paul Sartre — No Exit, Hell is other people.
Jean Paul Sartre, No finite point has meaning without an infinite reference point.
Jean Paul Sartre — Nausea, I am the one who pulls myself from the nothingness to which I aspire.
Jean Paul Sartre — Nausea, There may be more beautiful times but this one is ours.
Katherine Addison — The Goblin Emperor, Study the stars.
Charlie Jane Anders — All the Birds in the Sky, If they had given standardized tests in assassin school he would not have lasted a day.
Charlie Jane Anders — All the Birds in the Sky, Sometimes I wish I was crazy it would make things easier.
Charlie Jane Anders — All the Birds in the Sky, The person who dies with the most loose ends wins.
Charlie Jane Anders — All the Birds in the Sky, Self-awareness paradoxically requires an awareness of the other.
Charlie Jane Anders — All the Birds in the Sky, He’d thought he was unflappable too once upon a time until somebody flapped him.
Robyn Davidson — Tracks, We started dying before the snow and like the snow we continued to fall.
Jennifer Niven — All the Bright Places, We do not remember days we remember moments.
Jennifer Niven — All the Bright Places, I like being awake when nobody else is.
Jennifer Niven — All the Bright Places, When you consider things like the stars our affairs don’t seem to matter very much do they?
Jennifer Niven — All the Bright Places, The great thing about this life of ours is that you can be someone different to everybody.
Jennifer Niven — All the Bright Places, She is oxygen carbon hydrogen nitrogen calcium and phosphorus. The same elements that are inside the rest of us but I can’t help thinking she’s more than that and she’s got other elements going on that no one’s ever heard of ones that make her stand apart from everybody else.
, Even when we weren’t wandering even from the floor of your closet you showed the world to me.
Jennifer Niven — All the Bright Places, There’s always somewhere to go.
Jennifer Niven — All the Bright Places, Stars in the sky stars on the ground. It’s hard to tell where the sky ends and the earth begins. I feel the need to say something grand and poetic but the only thing I come up with is: It’s lovely.
Jennifer Niven — All the Bright Places, I remember how she looked at me the same way even when I wasn’t.
Jennifer Niven — All the Bright Places, Because it’s not a lie if it’s how you feel.
Deborah Eisenberg — Twilight of the Superheroes, At a certain point as she wandered out among the galaxies among the whirling particles and ineffable numbers something leaked in her mind.
Guy Gavriel Kay — Tigana, By things so achingly small are lives measured and marred.
Guy Gavriel Kay — Tigana, I will not say I am sorry but I can tell you that I grieve.
Guy Gavriel Kay — Tigana, It was a sound a name a hurled sorrow in the brightness of the air.
Guy Gavriel Kay — A Brightness Long Ago, Winds blow waves carry us rain drenches a man caught in the open at night lightning shatters the sky and sometimes his heart thunder crashes into him bringing the awareness he will die. We stand up as best we can under that.
Guy Gavriel Kay — The Fionavar Tapestry, Fair she was as is the flight of an arrow before it kills.
Guy Gavriel Kay — River of Stars, We do not live very long. Sometimes someone grinds ink mixes it with water arranges paper takes up a brush to record our time our days and we are given another life in those words.
Guy Gavriel Kay — The Summer Tree, Dave hung up. And unplugged the phone. With a fierce and bitter pain he stared at it watching how over and over again it didn't ring.
Guy Gavriel Kay — Children of Earth and Sky, A sunset wind can be blowing off the sea we might be alone in bed on a winter night or grieving by a grave among leaves. We are drunk in a tavern dealing with desperate pain waiting to confront enemies on a battlefield. We are bearing a child falling in love reading by candlelight watching the sun rise a star set we are dying. There is something else to all of this
Guy Gavriel Kay — Children of Earth and Sky, It seemed to him that people must pass through each other’s lives all the time touch them be touched by them. Leave something behind maybe like a star that fell – you became a memory.
Guy Gavriel Kay — Children of Earth and Sky, We cannot know. But sometimes there is kindness and sometimes there is love.
Guy Gavriel Kay — Children of Earth and Sky, You had to grow into your own significance—or come to terms with the lack of it.
Guy Gavriel Kay — The Lions of Al-Rassan, Nothing under the circling moons is fated to last. Even the sun goes down.
Guy Gavriel Kay — Under Heaven, We cannot live twice or watch as moments of the past unfurl like a courtesan's silk fan. The river flows the dancers finish their dance. If the music starts again it is starting anew not repeating itself.
Guy Gavriel Kay — Under Heaven, Branching paths. The turning of days and seasons and years. Life offered you love sometimes sorrow often. If you were very fortunate true friendship. Sometimes war.
Guy Gavriel Kay — Under Heaven, How we remember changes how we have lived. Time runs both ways. We make stories of our lives.
Milan Kundera — The Unbearable Lightness of Being, Love is the longing for the half of ourselves we have lost.
Lewis Carroll — Alice in Wonderland, Why is a raven like a writing desk?
Lewis Carroll — Alice in Wonderland, We’re all mad here.
Lewis Carroll — Alice in Wonderland, Begin at the beginning the King said very gravely and go on till you come to the end: then stop.
Lewis Carroll — Jabberwocky, Twas brillig and the slivey toves did gyre and gimble in the wabe.
Lewis Carroll — Through the Looking Glass, It’s no use going back to yesterday because I was a different person then.
Lewis Carroll — Through the Looking Glass, Sometimes I’ve believed as many as 6 impossible things before breakfast.
David Lodge — Changing Places, High high above the North Pole on the first day of 1969 two professors of English Literature approached each other at a combined velocity of 1200 miles per hour.
John Green — Paper Towns, The town was paper but the memories were not.
John Green — Paper Towns, What a treacherous thing to believe that a person is more than a person.
John Green — Looking for Alaska, If people were rain then I was drizzle and she was a hurricane.
John Green — Looking for Alaska, I go to seek a Great Perhaps.
John Green — Will Grayson Will Grayson, Being in a relationship that's something you choose. Being friends that's something you just are.
John Green — An Abundance of Katherines, And the moral of the story is that you don't remember what happened. What you remember becomes what happened.
John Green — Turtles All the Way Down, Photographs are just light and time.
John Green — Turtles All the Way Down, You're both the fire and the water that extinguishes it. You're the narrator the protagonist and the sidekick. You're the storyteller and the story told. You are somebody's something but you are also your you.
John Green — Turtles All the Way Down, Actually the problem is that I can’t lose my mind. It’s inescapable.
John Green — The Fault in Our Stars, Some infinities are bigger than other infinities
John Green — The Fault in Our Stars, I believe the universe wants to be noticed.
John Green — The Fault in Our Stars, My thoughts are stars I cannot fathom into constellations.
Wallace Stegner — All the Little Live Things, There is a sense in which we are all each other’s consequences.
Arkady Martine — A Memory Called Empire, Released I am a spear in the hands of the sun.
Arkady Martine — A Memory Called Empire, Nothing touched by Empire stays clean.
Arkady Martine — A Memory Called Empire, A MIND is a sort of star-chart in reverse: an assembly of memory conditioned response and past action held together in a network of electricity and endocrine signaling rendered down to a single moving point of consciousness.
Stuart Dybek, The public library is where place and possibility meet.
Stuart Dybek — Coast of Chicago, It was the first time I’d ever had the feeling of missing someone I was still with.
Stuart Dybek — Coast of Chicago, Love it’s such a night laced with running water irreparable riddled with a million leaks. A night shaped like a shadow thrown by your absence. Every crack trickles every overhang drips. The screech of nighthawks has been replaced by the splash of rain. The rain falls from the height of streetlights. Each drop contains its own shattering blue bulb.
Stuart Dybek — Ravenswood, Night doesn’t fall but rather all the disregarded shadows of a day flock like blackbirds and suddenly rise.
Stuart Dybek — Paper Lantern, It's only a relatively few moments that we get to keep and carry with us for the rest of our lives. Those moments are our lives. Or maybe it's more like those moments are the dots in what we call our lives or the lines we draw between them connecting them into imaginary pictures of ourselves. You know like those mythical pictures of constellations traced between stars. I remember how when I was a kid I actually expected to be able to look up and see Pegasus spread out against the night. And when I couldn't it seemed like a trick had been played on me like a fraud. I thought hey if this is all there is to it then I could reconnect the stars in any shape I wanted.
Michael Ende — The Neverending Story, Every real story is a never ending story.
Alix Harrow — The Ten Thousand Doors of January, I hope you will find the cracks in the world and wedge them wider so the light of other suns shines through; I hope you will keep the world unruly messy full of strange magics; I hope you will run through every open Door and tell stories when you return.
Alix Harrow — The Ten Thousand Doors of January, May she wander but always return home.
Alix Harrow — The Ten Thousand Doors of January, It is at the moments when the doors open when things flow between the worlds that stories happen.
Alix Harrow — The Ten Thousand Doors of January, Worlds were never meant to be prisons locked and suffocating and safe. Worlds were supposed to be great rambling houses with all the windows thrown open and the wind and summer rain rushing through them with magic passages in their closets and secret treasure chests in their attics.
Alix Harrow — The Ten Thousand Doors of January, Sometimes I feel there are doors lurking in the creases of every sentence.
Alix Harrow — The Ten Thousand Doors of January, Most travelers are familiar with this kind of weather- when the wind blows westward and warm but the ground still chills the soles of your feet when the tree buds have begun to unfurl and scent the air with secret springtime madness- and they know those days are made for leaving.
Alix Harrow — The Ten Thousand Doors of January, One does not fall in love; one discovers it.
Alix Harrow — The Ten Thousand Doors of January, es.
Alix Harrow — The Ten Thousand Doors of January, It isn't about reading the words; it's about reading the smell which wafts from the pages in a cloud of dust and wood pulp. It might smell expensive and well bound or it might smell of tissue-thin paper and blurred two-colour prints or of fifty years unread in the home of a tobacco-smoking old man. Books can smell of cheap thrills or painstaking scholarship or literary weight or unsolved mysteries.
Alix Harrow — The Ten Thousand Doors of January, Doors are revolutions and upheavals uncertainties and mysteries axis points around which entire worlds can be turned.
Alix Harrow — The Ten Thousand Doors of January, Because there are ten thousand stories about ten thousand Doors and we know them as well as we know our names. They lead to Faerie to Valhalla Atlantis and Lemuria Heaven and Hell to all the directions a compass could never take you to elsewhere.
Alix Harrow — The Ten Thousand Doors of January, Or run away with me toward the glimmering mad horizon. Dance through this eternal green orchard where ten thousand worlds hang ripe and red for the plucking.
Alix Harrow — The Ten Thousand Doors of January, There's only one way to run away from your own story and that's to sneak into someone else's.
Alix Harrow — The Ten Thousand Doors of January, I happen to believe every story is a love story if you catch it at the right moment slantwise in the light of dusk.
Alix Harrow — The Ten Thousand Doors of January, Sentences may alter the weather and poems might tear down walls. Stories may change the world.
LM Montgomery — Anne of Green Gables, Isn’t it nice to think that tomorrow is a new day with no mistakes in it yet?
Anthony Burgess — A Clockwork Orange, What’s it going to be then eh?
Anthony Burgess — A Clockwork Orange, If he can only perform good or only perform evil then he is a clockwork orange—meaning that he has the appearance of an organism lovely with colour and juice but is in fact only a clockwork toy to be wound up by God or the Devil.
Walt Whitman — Song of Myself, I stop somewhere waiting for you.
Walt Whitman — Song of Myself, Do I contradict myself? Very well I contradict myself. I am large I contain multitudes.
Walt Whitman — Song of Myself, I discover myself on the verge of a usual mistake.
Walt Whitman — Leaves of Grass, Thee fully forth emerging silent gazing pondering the themes thou lovest best. Night sleep death and the stars.
Walt Whitman — Leaves of Grass, By the bivouacs fitful flame.
Walt Whitman — Leaves of Grass, We were together I forget the rest.
Walt Whitman — Song of the Open Road, These are the days that must happen to you.
Walt Whitman — Leaves of Grass, I believe a leaf of grass is no less than the journey-work of the stars.
Donald Barthelme — Sixty Stories, See the moon? It hates us.
Peter Matthiessen — The Snow Leopard, Figures dark beneath their loads pass down the far bank of the river rendered immortal by the streak of sunset upon their shoulders.
Peter Matthiessen — The Snow Leopard, The secret of the mountain is that the mountains simply exist.
Peter Matthiessen — The Snow Leopard, I am returned into myself. In another life-this isn’t what I know but how I feel- these mountains were my home; there is a rising of forgotten knowledge like a spring from hidden aquifers under the earth.
Katherine Du — The Mothers, Her bamboo sandals carve rivers of blood on the soles of her feet as she runs.
JD Salinger — Nine Stories, She wasn’t doing a thing that I could see except standing there leaning on the balcony railing holding the Universe together.
JD Salinger — Nine Stories, She wrote to him fairly regularly from a paradise of triple exclamation points and inaccurate observations.
JD Salinger — Nine Stories, Poets are always taking the weather so personally. They're always sticking their emotions in things that have no emotions.
JD Salinger — The Catcher in the Rye, I’m quite illiterate but I read a lot.
JD Salinger — The Catcher in the Rye, This is a people shooting hat. I shoot people in this hat.
JD Salinger — The Catcher in the Rye, Mothers are all slightly insane.
JD Salinger — The Catcher in the Rye, All morons hate it when you call them a moron.
JD Salinger — The Catcher in the Rye, I don’t exactly know what I mean by that but I mean it.
JD Salinger — Franny and Zooey, She was not one for emptying her face of expression.
JD Salinger — Franny and Zooey, Your heart is an autumn garage.
CS Lewis — Chronicles of Narnia, One day you will be old enough to start reading fairy tales again.
CS Lewis — Chronicles of Narnia, No one is told any story but their own.
CS Lewis — A Grief Observed, Her absence is like the sky spread over everything.
CS Lewis — The Great Divorce, This moment contains all moments.
Richard Adams — Watership Down, Many human beings say that they enjoy the winter but what they really enjoy is feeling proof against it.
Richard Adams — Watership Down, We all have to meet our match sometime or other.
Richard Adams — Watership Down, You’re trying to eat grass that isn’t there. Why don’t you give it some time to grow?
Richard Adams — Watership Down, Rabbit underground. Rabbit safe and sound.
Richard Matheson — I Am Legend, How long did it take for a past to die?
Samuel R Delaney — Babel-17, No way to say warm in French. There was only hot and tepid.
Samuel R Delaney — Babel-17, Neurotics proceed with delusions of grandeur. Napoleon Bonaparte take the lead. Jesus Christ bring up the rear.
Samuel R Delaney — Babel-17, When you learn another tongue you learn the way another people see the world the universe.
Samuel R Delaney — Babel-17, Until something is named it doesn’t exist.
Samuel R Delaney — Babel-17, I pass beneath a fixed white line of trees where dry leaves lie for footsteps to dismember. They crackle with a muted sound like fear. That and the wind are all that I can hear. I ask cold air “What is the word that frees?” The wind says “Change” and the white sun “Remember.
Samuel R Delaney — Babel-17, And who the hell are you anyway?
Corey Ann Haydu — The Careful Undressing of Love, I can’t quite figure out the difference between loving someone and loving things about them.
Roger Zelazny — Nine Princes in Amber, In the state of Denmark there is an odor of decay.
Roger Zelazny — Nine Princes in Amber, Of all my relations I like sex the best and Eric the least.
Roger Zelazny — Nine Princes in Amber, And we talked the moon out of heavens before either of us grew tired.
Roger Zelazny — Nine Princes in Amber, All roads lead to Amber he said as though it were an axiom.
Dr. Seuss, Adults are just obsolete children.
Dr. Seuss, Don’t cry because it’s over. Smile because it happened.
Dr. Seuss — The Lorax, I am the Lorax I speak for the trees.
Jandy Nelson — The Sky is Everywhere, Each time someone dies a library burns.
Jandy Nelson — The Sky is Everywhere, The sky is everywhere it begins at your feet.
Jandy Nelson — The Sky is Everywhere, Grief is a house where no one can protect you where the younger sister will grow older than the older one.
Jandy Nelson — The Sky is Everywhere, The world is a wrong-sized shoe.
Jandy Nelson — The Sky is Everywhere, There were once two sisters who were not afriad of the dark because the dark was full of the other's voice across the room because even when the night was thick and starless they walked home together from the river seeing who could last the longest without turning on her flashlight not afraid because sometimes in the pitch of night they'd lie on their backs in the middle of the path and look up until the stars came back and when they did they'd reach their arms up to touch them and did.
Jandy Nelson — I’ll Give You the Sun, Maybe some people are just meant to be in the same story.
Jandy Nelson — I’ll Give You the Sun, I love you” I say to him only it comes out “Hey.” “So damn much” he says back only it comes out “Dude.
Jandy Nelson — I’ll Give You the Sun, It's never occurred to me that the stars are still up there shining even in the daytime when we can't see them.
Jandy Nelson — I’ll Give You the Sun, You have to see the miracles for there to be miracles.
JM Barrie — Peter Pan, To die would be an awfully big adventure.
JM Barrie — Peter Pan, Second star to the right and straight on to morning.
Jane Yolen — Touch Magic, Literature is a textually transmitted disease normally contracted in childhood.
Jane Yolen — Briar Rose, Fairy Tales always have a happy ending. That depends... on whether you are Rumpelstiltskin or the Queen.
Jane Yolen — Prince Across the Water, You can only chase a butterfly for so long.
Herman Melville — Moby Dick, Call me Ishmael
Herman Melville — Moby Dick, It’s not down on any map. True places never are.
Herman Melville — Moby Dick, Talk not to me of blasphemy man; I'd strike the sun if it insulted me.
Herman Melville — Moby Dick, Think not is my eleventh commandment; and sleep when you can is my twelfth.
Herman Melville — Moby Dick, Top-heavy was the ship as a dinnerless student with all Aristotle in his head.
Herman Melville — Moby Dick, As for me I am tormented with an everlasting itch for things remote. I love to sail forbidden seas and land on barbarous coasts.
Herman Melville — Moby Dick, Better to sleep with a sober cannibal than with a drunk Christian.
Norton Juster — The Phantom Tollbooth, So many things are possible just as long as you don’t know they’re impossible.
Ursula le Guin, The creative adult is the child who has survived.
Ursula le Guin — Wizard of Earthsea, To light a candle is to cast a shadow.
Ursula le Guin — Wizard of Earthsea, It is very hard for evil to take hold of the unconsenting soul.
Ursula le Guin — The Left Hand of Darkness, Distrust everything I say. I am telling the truth.
Ursula le Guin — The Left Hand of Darkness, It is good to have an end to journey to but it is the journey that matters in the end.
John Boyne — The Boy in the Striped Pajamas, Some things are just sitting there minding their own business waiting to be discovered.
Cassandra Clare — City of Glass, What kind of walk takes six hours? A long one.
Cassandra Clare — City of Ashes, The nod means 'I am a badass and I recognise that you too are a badass.
Jostein Gaarder — Sophie’s World, Wisest is she who knows she does not know.
Jostein Gaarder — Sophie’s World, The most subversive people are those who ask questions.
Jostein Gaarder — Sophie’s World, Wasn’t it extraordinary to be in the world right now wandering around in a wonderful adventure!
Jostein Gaarder — Sophie’s World, Yes we too are stardust.
Philip Reeve — Mortal Engines, It was a dark blustery afternoon in spring and the city of London was chasing a small mining town across the dried-out bed of the old North Sea.
Philip Reeve — Mortal Engines, He smiled faintly like somebody who had never seen a smile but had read a book on how to do it.
Philip Reeve — Mortal Engines, It’s a town eat town world.
Philip Reeve — Cakes in Space, And here all alone in the million billion miles of midnight is one solitary moving speck. A fragile parcel filled with sleeping people and their dreams.
James Thurber — The Thirteen Clocks, Time is for dragonflies and angels.
James Thurber — The Thirteen Clocks, I thought the tale of treasure might be true.
Daniel Keyes — Flowers for Algernon, Punctuation is? Fun!
Shakespeare — Merchant of Venice, You speak an infinite deal of nothing.
Shakespeare — Hamlet, To thine own self be true.
Shakespeare — Hamlet, There are more things in heaven and earth Horatio than are dreamt of in your philosophy.
Shakespeare — Othello, The robbed that smiles steals something from the thief.
Shakespeare — Midsummer Night’s Dream, Love looks not with the eyes but with the mind.
Shakespeare — The Tempest, We are such stuff as dreams are made on.
Shakespeare — King Henry IV, A man can die but once.
Shakespeare — King Henry IV, Do thou amend thy face and I’ll amend my life.
Shakespeare — The Tempest, As you from crimes would pardoned be let your indulgence set me free.
Shakespeare — The Taming of the Shrew, Away you three inch fool!
Shakespeare — Macbeth, Tomorrow and tomorrow and tomorrow.
Shakespeare — Macbeth, Double double toil and trouble fire burn and cauldron bubble.
Shakespeare — King Lear, Nothing will come of nothing.
Shakespeare — Othello, For she had eyes and chose me.
Shakespeare — Titus Adronicus, Villain I have done thy mother.
Shakespare — Julius Caesar, The fault dear Brutus lies not in the stars. But in ourselves that we are underlings.
Shakespeare — Julius Caesar, But Brutus is an honorable man.
Dodie Smith — I Capture the Castle, I love. I have loved. I will love.
Khaled Hosseini — The Kite Runner, For you a thousand times over.
Khaled Hosseini — The Kite Runner, There are a lot of children in Afghanistan but little childhood.
Khaled Hosseini — The Kite Runner, Children aren't coloring books. You don't get to fill them with your favorite colors.
Khaled Hosseini — And the Mountains Echoed, I suspect the truth is that we are waiting all of us against insurmountable odds for something extraordinary to happen to us.
Khaled Hosseini — And the Mountains Echoed, Beauty is an enormous unmerited gift given randomly stupidly.
Khaled Hosseini — A Thousand Splendid Suns, I will follow you to the ends of the world.
Khaled Hosseini — A Thousand Splendid Suns, It was not so bad Miriam thought that she should die this way. Not so bad. This was a legitimate end to a life of illegitimate belongings.
Isabelle Allende — City of the Beasts, Only the young have an explanation for everything.
Tom Stoppard — Rosencrantz and Guildenstern are Dead, Look on every exit as being an entrance somewhere else.
Tom Stoppard — Rosencrantz and Guildenstern are Dead, England is just a conspiracy of cartographers
Tom Stoppard — Rosencrantz and Guildenstern are Dead, It would have been nice to have had unicorns.
Tom Stoppard — Rosencrantz and Guildenstern are Dead, We're actors! We're the opposite of people!
Tom Stoppard — Rosencrantz and Guildenstern are Dead, Pirates could happen to anyone.
Tom Stoppard — Rosencrantz and Guildenstern are Dead, Stark raving sane!
Franz Kafka — The Metamorphosis, As Gregor Samsa awoke one morning from uneasy dreams he found himself transformed in his bed into a gigantic insect.
Tennessee Williams — The Glass Menagerie, Time is the longest distance between two places.
Tennessee Williams — A Streetcar Named Desire, And funerals are pretty compared to deaths
Tennessee Williams — A Streetcar Named Desire, I don't believe in villains or heroes - only right or wrong ways that individuals have taken not by choice but by necessity or by certain still-uncomprehended influences in themselves their circumstances and their antecedents.
Tennessee Williams — A Streetcar Named Desire, We've had this date with each other from the beginning.
Tennessee Williams — A Streetcar Named Desire, What is straight? A line can be straight or a street but the human heart oh no it's curved like a road through mountains.
Scott Westerfeld — Leviathan, The man was allergic to sleep.
Scott Westerfeld — Leviathan, Hard work being a boy.
Homer — The Iliad, Even a fool learns something when it hits him.
Homer — The Iliad, Sing O muse of the rage of Achilles son of Peleus that brought countless ills upon the Achaeans.
Homer — The Odyssey, Too many kings can ruin an army.
Homer — The Iliad, We will never be here again.
Aldous Huxley — Brave New World, I’m claiming the right to be unhappy.
Aldous Huxley — Brave New World, Words can be like X-rays if you use them properly -- they'll go through anything. You read and you're pierced.
Aldous Huxley — Brave New World, I ate civilization.
Aldous Huxley — Brave New World, Ending is better than mending.
Henry Wadsworth Longfellow, Into each life some rain must fall.
Patrick Rothfuss — The Name of the Wind, You have to be a bit of a liar to tell a story the right way.
Patrick Rothfuss — The Wise Man’s Fear, I’ve waited a long time to show the flowers how beautiful you are.
Patrick Rothfuss — The Wise Man’s Fear, Bad enough to be a lettuce. How awful to think you are a lettuce too.
Patrick Rothfuss — The Wise Man’s Fear, Uresh. Your next assignment is to have sex. If you do not know how to do this see me after class.
Patrick Rothfuss — The Wise Man’s Fear, There are three things all wise men fear: the sea in storm a night with no moon and the anger of a gentle man.
Patrick Rothfuss — The Name of the Wind, Everyone tells a story about themselves inside their own head. Always. All the time. That story makes you what you are. We build ourselves out of it.
Patrick Rothfuss — The Wise Man’s Fear, Half of seeming clever is keeping your mouth shut at the right times.
Patrick Rothfuss — The Name of the Wind, Are you hurt? Absolutely. Especially in my everywhere.
Patrick Rothfuss — The Wise Man’s Fear, It’s the questions we can’t answer that teach us the most.
Patrick Rothfuss — The Name of the Wind, It was deep and wide as autumn’s ending. It was heavy as a great river-smooth stone. It was the patient cut-flower sound of a man who is waiting to die.
Jonathan Lethem — The Fortress of Solitude, The sky smashed against the rooftops.
Arthur Miller — Death of a Salesman, A small man can be just as exhausted as a great man.
Arthur Miller — Death of a Salesman, A man is not a piece of fruit.
Arthur Miller — The Crucible, You are pulling down heaven and raising up a whore.
Arthur Miller — The Crucible, An everlasting funeral marches around your heart.
Alice Walker — The Color Purple, Time moves slowly but passes quickly.
Alice Walker — The Color Purple, A grown child is a dangerous thing.
Alice Walker — The Color Purple, I am an expression of the divine just like a peach is just like a fish is.
Alice Walker — The Color Purple, Tea to the English is really a picnic indoors.
Alice Walker — The Color Purple, I can't fix my mouth to say how I feel.
Alice Walker — The Color Purple, Just cause I love her don't take away none of her rights.
Alice Walker — The Color Purple, I think it pisses God off if you walk by the color purple in a field somewhere and don't notice it.
Pat Conroy — The Prince of Tides, My wound was geography.
WS Merwin — Separation, Your absence has gone through me like thread through a needle. Everything I do is stitched with its color.
Jane Austen — Pride and Prejudice, It is a truth universally acknowledged that a single man in possession of a good fortune must be in want of a wife.
Jane Austen — Pride and Prejudice, I must learn to be content with being happier than I deserve.
Jane Austen — Emma, If I loved you less I might be able to talk about it more.
Jane Austen — Sense and Sensibility, If a book is well written I always find it too short.
Jane Austen — Northanger Abbey, I cannot speak well enough to be unintelligible.
Joe Haldeman — The Forever War, All reality becomes illusory and observer-oriented when you study general relativity. Or Buddhism. Or get drafted.
George Orwell — 1984, It was a bright cold day in April and the clocks were striking thirteen.
George Orwell — 1984, War is peace. Freedom is slavery. Knowledge is ignorance.
George Orwell — 1984, If you want to keep a secret you must also hide it from yourself.
George Orwell — 1984, Perhaps a lunatic is simply a minority of one.
George Orwell — 1984, The best books are those that tell you what you already know.
George Orwell — 1984, He loved Big Brother.
George Orwell — Animal Farm, All animals are equal but some animals are more equal than others.
Ben Aaronovitch — Midnight Riot, Keep breathing. It’s not a habit you want to break.
David Levithan — Every Day, We all want everything to be okay. We will happily settle for okay because most of the time okay is enough.
David Levithan — Every Day, Kindness connects to who you are while niceness connects to how you want to be seen.
Harper Lee — To Kill a Mockingbird, Atticus told me to delete the adjectives and I’d have the facts.
Harper Lee — To Kill a Mockingbird, I think there's just one kind of folks. Folks.
Harper Lee — To Kill a Mockingbird, Simply because we were licked a hundred years before we started is no reason for us not to try to win.
Harper Lee — To Kill a Mockingbird, Things are always better in the morning.
AA Milne — Winnie the Pooh, If you live to be a hundred I want to live to be a hundred minus one day so I never have to live without you.
Tad Williams — Shadowrise, Remember that each light between sunrise and sunset is worth dying for at least once.
Tad Williams — Shadowrise, Whatever my ancestors did to you they never consulted me.
Tad Williams — Shadowplay, You are only a prisoner when you surrender.
Tad Williams — City of Golden Shadow, There is no such thing as an accident. That's what science is all about. There are only patterns we don't yet recognize.
Tad Williams — The Dragonbone Chair, When it falls on your head then you are knowing it is a rock.
Tad Williams — The Dirty Streets of Heaven, Sometimes I talk about baseball just to annoy people who don’t understand it.
Tad Williams — Stone of Farewell, Now I end my death song. I give my farewell to mountain and sky. It has been good to be alive.
Charlotte Bronte — Jane Eyre, What fresh Hell is this?
Charlotte Bronte — Jane Eyre, I am no bird; and no net ensnares me; I am a free human being with an independent will; which I now exert to leave you.
Charlotte Bronte — Jane Eyre, Then her soul sat on her lips and language flowed.
Charlotte Bronte — Jane Eyre, Reader I married him.
Neil Gaiman — Death Talks about Life, Life is a disease. Sexually transmitted and invariably fatal.
Neil Gaiman — The Ocean at the End of the Lane, I lived in books more than I lived anywhere else.
Neil Gaiman — The Ocean at the End of the Lane, You don't pass or fail at being a person dear.
Neil Gaiman — Signal to Noise, The world is always ending for someone.
Neil Gaiman — Stardust, She says nothing at all but simply stares upward into the dark sky and watches with sad eyes the slow dance of the infinite stars.
Neil Gaiman — The Sandman, I have heard the languages of apocalypse and now I shall embrace the silence.
Neil Gaiman — Preludes and Nocturnes, You get what anybody gets - you get a lifetime.
Neil Gaiman — Norse Mythology, The Norse myths are the myths of a chilly place with long long winter nights and endless summer days myths of a people who did not entirely trust or even like their gods although they respected and feared them.
Neil Gaiman — Coraline, Cats don’t have names. Now you people have names. That's because you don't know who you are. We know who we are so we don't need names.
Neil Gaiman, Several years later from a taxi you will see someone in a doorway who looks like her but she will be gone by the time you persuade the driver to stop. You will never see her again. Whenever it rains you will think of her.
Neil Gaiman — Brief Lives, I can pretend that things last. I can pretend that lives last longer than moments.
Neil Gaiman — American Gods, Not only are there no happy endings there aren’t even any endings.
Markus Zusak — The Book Thief, Even death has a heart.
Markus Zusak — The Book Thief, I have hated words and I have loved them and I hope I have made them right.
Karl Marx — The Communist Manifesto, A specter is haunting Europe.
Karl Marx (gravestone), The philosophers have only interpreted the world in various ways. The point however is to change it.
Karl Marx — The Communist Manifesto, The history of all hitherto existing society is the history of class struggles
Karl Marx — Critique of Hegel’s Philosophy, To be radical is to grasp things by the root.
Karl Marx — Letters on Marxism, If anything is certain it is that I myself am not a Marxist.
Emily St. John Mandel — The Glass Hotel, Do you find yourself sort of secretly hoping that civilization collapses just so that something will happen?
Don DeLillio — White Noise, It is possible to be homesick for a place even when you are there.
Don DeLillio — White Noise, All plots tend to move deathward. This is the nature of plots.
Don DeLillio — White Noise, California deserves whatever it gets. Californians invented the concept of life-style.
Don DeLillio — White Noise, The world is full of abandoned meanings. In the commonplace I find unexpected themes and intensities.
Jerome Lawrence — Inherit the Wind, An idea is a greater monument than a cathedral.
Jerome Lawrence — Inherit the Wind, All motion is relative. Maybe it's you who've moved away by standing still.
Jerome Lawrence — Inherit the Wind, Mister you may conquer the air but the birds will lose their wonder and the clouds will smell of gasoline.
William Peter Blatty — The Exorcist, God never talks. But the devil keeps advertising Father. The devil does a lot of commercials.
Gary Provost — 100 Ways to Write, This sentence has five words. Here are five more words. Five-word sentences are fine. But several together become monotonous. Listen to what is happening. The writing is getting boring. The sound of it drones. It’s like a stuck record. The ear demands some variety. Now listen. I vary the sentence length and I create music. Music. The writing sings. It has a pleasant rhythm a lilt a harmony. I use short sentences. And I use sentences of medium length. And sometimes when I am certain the reader is rested I will engage him with a sentence of considerable length a sentence that burns with energy and builds with all the impetus of a crescendo the roll of the drums the crash of the cymbals–sounds that say listen to this it is important.
Daniel Mason — The Piano Tuner, At times I wonder if the reason I have lost track of time is that I will know when to return not by a date but when an emptiness is filled.
Glen Cook — Sweet Silver Blues, Morning is wonderful. Its only drawback is that it comes at such an inconvenient time of day.
Glen Cook — Cold Copper Tears, My favorite sport is female and my favorite food is beer.
Glen Cook — The Black Company, There are not many children who are not cute and lovable and precious sweet as whipped honey and butter. So where do all the wicked people come from?
Glen Cook — The Black Company, Consistency is the sign of a narrow mind.
Glen Cook — Water Sleeps, Rich men have dreams. Poor men die to make them come true.
Glen Cook — The White Rose, The only exercise I get is jumping to conclusions.
Glen Cook — The White Rose, All that I am was and probably will be is shaped by my passion to evade the end of me.
Glen Cook — Soldiers Live, In the night when the wind dies and silence rules the place of glittering stone I remember. And they all live again.
Glen Cook — Soldiers Live, Soldiers live and wonder why.
Lord Tennyson, It is better to have loved and lost than to never have loved at all.
Victor Hugo — The Hunchback of Notre Dame, Nothing makes a man so adventurous as an empty pocket.
Victor Hugo — Les Miserables, To love another person is to see the face of God.
Victor Hugo — Les Miserables, It is nothing to die. It is frightful not to live.
Victor Hugo — Les Miserables, Not being heard is no reason for silence.
Octavia E Butler — Kindred, There are so many interesting times we could have visited.
Anne Frank — The Diary of A Young Girl, How wonderful it is that nobody need wait a single moment before starting to improve the world.
Anne Frank — The Diary of a Young Girl, No one has ever become poor by giving.
Anne Frank — The Diary of A Young Girl, Despite everything I believe that people are really good at heart.
Jonathan Franzen — The Corrections, Being dead's only a problem if you know you're dead which you never do because you're dead.
George RR Martin — A Song of Ice and Fire, Valar morghulis.
George RR Martin — A Storm of Swords, You know nothing Jon Snow.
George RR Martin — A Storm of Swords, Every man must die Jon Snow. But first he must live.
George RR Martin — A Game of Thrones, Why is it that when one man builds a wall the next man immediately needs to know what's on the other side?
George RR Martin — A Game of Thrones, Winter is coming.
George RR Martin — A Game of Thrones, Hodor
George RR Martin — A Game of Thrones, The things I do for love.
George RR Martin — A Game of Thrones, When the snows fall and the white winds blow the lone wolf dies but the pack survives.
George RR Martin — A Feast for Crows, Needle was Robb and Bran and Rickon her mother and her father even Sansa. Needle was Winterfell's grey walls and the laughter of its people. Needle was the summer snows Old Nan's stories the heart tree with its red leaves and scary face the warm earthy smell of the glass gardens the sound of the north wind rattling the shutters of her room. Needle was Jon Snow's smile.
George RR Martin — A Song of Ice and Fire, Fear cuts deeper than swords.
George RR Martin — A Clash of Kings, There are no men like me. There’s only me.
George RR Martin — A Clash of Kings, Crowns do queer things to the heads beneath them.
George RR Martin — A Game of Thrones, Every flight begins with a fall.
Daniel Handler — Why We Broke Up, I started making plans thinking we would get that far.
Mario Puzo — The Godfather, I’ll make him an offer he can’t refuse.
Mario Puzo — The Godfather, The lawyer with the briefcase can steal more money than the man with the gun.
Mario Puzo — The Godfather, Behind every successful fortune there is a crime.
Mario Puzo — The Godfather, Never let anyone know what you’re thinking.
TH White — The Once and Future King, It is difficult to write about a real person.
TH White — The Once and Future King, When people reach perfection they vanish you know.
TH White — The Once and Future King, Might does not make right. Right makes right.
Lidia Yuknavitch — The Chronology of Water, I am a woman who talks to herself and lies.
John Steinbeck — East of Eden, Now that you don’t have to be perfect you can be good.
John Steinbeck — Of Mice and Men, Maybe ever’body in the whole damn world is scared of each other.
John Steinbeck, No one wants advice only corroboration.
John Steinbeck — Sweet Thursday, You've seen the sun flatten and take strange shapes just before it sinks in the ocean. Do you have to tell yourself every time that it's an illusion caused by atmospheric dust and light distorted by the sea or do you simply enjoy the beauty of it?
John Steinbeck — In Search of America, I wonder why progress looks so much like destruction.
John Steinbeck — The Winter of Our Discontent, I wonder how many people I’ve look at all my life and never seen.
John Steinbeck — The Grapes of Wrath, There ain't no sin and there ain't no virtue. There's just stuff people do.
John Steinbeck — The Grapes of Wrath, It’s her habit to build up laughter out of inadequate materials.
Peter Beagle — The Last Unicorn, Take me with you.
Janet Fitch — White Oleander, Always learn poems by heart. They have to become the marrow in your bones. Like fluoride in the water they'll make your soul impervious to the world's soft decay.
Janet Fitch — White Oleander, She would be half a planet away floating in a turquoise sea dancing by moonlight to flamenco guitar.
Janet Fitch — Paint It Black, They say drugs are not the answer but really what is the question?
Charles Bukowski — Factotum, When you drank the world was still out there but for the moment it didn't have you by the throat.
Charles Bukowski — Factotum, If you're going to try go all the way. There is no other feeling like that. You will be alone with the gods and the nights will flame with fire. You will ride life straight to perfect laughter. It's the only good fight there is.
Elizabeth Acevedo — The Poet X, And isn’t that what a poem is? A lantern glowing in the dark.
Philip Pullman — The Amber Spyglass, Where we are is always the most important place.
Philip Pullman — The Amber Spyglass, When you choose one way out of many all the ways you don't take are snuffed out like candles as if they'd never existed.
Philip Pullman — The Amber Spyglass, Tell them stories.
Philip Pullman — His Dark Materials, Being in love was like China: you knew it was there and no doubt it was very interesting and some people went there but I never would.
Philip Pullman — The Golden Compass, You speak of destiny as if it was fixed.
Philip Pullman — The Golden Compass, But you cannot change what you are only what you do.
Philip Pullman — The Golden Compass, And if we wrapped up against the cold we wouldn't feel other things like the bright tingle of the stars or the music of the aurora or best of all the silky feeling of moonlight on our skin. It's worth being cold for that.
Philip Pullman — His Dark Materials, Without stories we wouldn’t be human beings at all.
Philip Pullman — The Subtle Knife, A murderer was a worthy companion.
Philip Pullman — The Amber Spyglass, We'll be alive again in a thousand blades of grass and a million leaves; we'll be falling in the raindrops and blowing in the fresh breeze; we'll be glittering in the dew under the stars and the moon out there in the physical world which is our true home and always was.
Diana Wynne Jones — Howl’s Moving Castle, I think we ought to live happily ever after.
Pierce Brown — Morningstar, All that we have is that shout into the wind - how we live. How we go. And how we stand before we fall.
Pierce Brown — Golden Son, There is no greater plague to the introvert than the extrovert.
Pierce Brown — Dark Age, Valleys make the mountains.
Pierce Brown — Golden Son, Friendships take minutes to make moments to break years to repair.
Pierce Brown — Golden Son, Liars make the best promises.
Pierce Brown — Golden Son, That's what Society does – spread the blame so there is no villain
Pierce Brown — Red Rising, Remember the cries when winter died for spring skies
Pierce Brown — Red Rising, I live for you – Then you must live for more.
Pierce Brown — Red Rising, Break the chains.
Edward Bulwer Lytton — Richelieu, The pen is mightier than the sword.
Jack London — The Star Rover, To be able to forget means sanity.
Jack London — White Fang, The function of man is to live not to exist.
Jack London — The Call of the Wild, He sings a song of the younger world which is the song of the pack.
Chinua Achebe — Things Fall Apart, There is no story that is not true.
Terry Brooks — The Sword of Shannara, Central governments have always been the greatest danger to mankind.
Terry Brooks — The Sword of Shannara, Truisms are the useless children of hindsight.
Terry Brooks — The Black Unicorn, Who would you be but who you are?
Terry Brooks — First King of Shannara, We should not be less than what we are.
Terry Brooks — The Black Unicorn, Might have could have may have should have—the haves and have nots reduced to pointless possibilities.
Terry Brooks — Bloodfire Quest, We are the whole of our time in this world.
Terry Brooks — The Talismans of Shannara, And memories he knew were not glass treasures to be kept locked within a box. They were bright ribbons to be hung in the wind.
Terry Brooks, What you write chooses you.
Brit Bennett — The Vanishing Half, This big ol' world and we only get to go through it once. The saddest thing there is you ask me.
Alexander Dumas — The Count of Monte Cristo, Wait and hope.
Alexandre Dumas — The Count of Monte Cristo, I am a Count not a Saint.
Alexander Dumas — The Count of Monte Cristo, Do your worst for I will do mine.
Alexandre Dumas — The Count of Monte Cristo, The difference between treason and patriotism is only a matter of dates.
Alexandre Dumas — The Three Muskateers, One for all and all for one.
Alexandre Dumas — The Three Muskateers, The merit of all things lies in their difficulty
Alexandre Dumas — The Three Muskateers, I'm sure you're very nice but you'd be even nicer if you went away.
Paulo Coelho — The Alchemist, The secret of life is to fall seven times and to get up eight times
H Jackson Brown — PS I Love You, Twenty years from now you will be more disappointed by the things that you didn’t do than by the ones you did do.
JRR Tolkien — The Hobbit, The road goes ever on and on.
JRR Tolkien — The Hobbit, Even dragons have their endings.
JRR Tolkien — The Hobbit, May the wind under your wings bear you where the sun sails and the moon walks.
JRR Tolkien — The Hobbit, Then something Tookish woke up inside him and he wished to go and see the great mountains and hear the pine-trees and the waterfalls and explore the caves and wear a sword instead of a walking-stick.
JRR Tolkien — The Lord of the Rings, Shortcuts make long delays.
JRR Tolkien — The Lord of the Rings, It's a dangerous business Frodo going out your door. You step onto the road and if you don't keep your feet there's no knowing where you might be swept off to.
JRR Tolkien — The Lord of the Rings, You shall not pass!
JRR Tolkien — The Lord of the Rings, The world was young the mountains green. No stain yet on the moon was seen. No words were laid on stream or stone when Durin woke and walked alone.
JRR Tolkien — The Lord of the Rings, Moonlight drowns out all but the brightest stars.
JRR Tolkien — The Lord of the Rings, I would rather share one lifetime with you than face all the ages of this world alone.
JRR Tolkien — The Lord of the Rings, Where now the horse and the rider? Where is the horn that was blowing?
JRR Tolkien — The Lord of the Rings, Death is just another path one that we all must take. The grey rain-curtain of this world rolls back and all turns to silver glass and then you see it. White shores and beyond a far green country under a swift sunrise.
JRR Tolkien — The Lord of the Rings, Not all those who wander are lost.
Kate Atkinson — Life after Life, Dogs are hardly an article of faith.
Kate Atkinson — Case Histories, Novels gave you a completely false idea about life they told lies and they implied there were endings when in reality there were no endings everything just went on and on and on.
Marissa Meyer — Cinder, Even in the future the story begins once upon a time.
Marissa Meyer — Cinder, Having a mental breakdown is not on my list of things to do today.
Marissa Meyer — Cinder, Mirrors have an uncanny way of telling the truth.
Marissa Meyer — Cinder, I’ve heard that when citizens are unruly there’s usually a good reason for it.
Madeleine L’Engle — A Wrinkle in Time, Believing takes practice.
NK Jemisin — The Fifth Season, Let’s start with the end of the world why don’t we?
NK Jemisin — The Fifth Season, When we say “the world has ended” it’s usually a lie because the planet is just fine.
NK Jemisin — The Fifth Season, Home is what you take with you not what you leave behind.
NK Jemisin — The Fifth Season, For all those that have to fight for the respect that everyone else is given without question.
NK Jemisin — The Fifth Season, After all a person is herself and others. Relationships chisel the final shape of one's being. I am me and you.
NK Jemisin — The Fifth Season, This is what you must remember: the ending of one story is just the beginning of another.
NK Jemisin — The Fifth Season, Nothing to do but follow your crazy.
NK Jemisin — The Killing Moon, Did you know that writing stories down kills them? Words aren't meant to be stiff unchanging things.
NK Jemisin — The Stone Sky, I think that if you love someone you don’t get to choose how they love you back.
NK Jemisin — The Hundred Thousand Kingdoms, And when I lift my head to scream out my fury a million stars turn black and die. No one can see them but they are my tears.
Emily St. John Mandel — Station Eleven, This is my soul and the world unwinding this is my heart in the still winter air.
Emily St. John Mandel — Station Eleven, They spend all their lives waiting for their lives to begin.
Emily St. John Mandel — Station Eleven, There are certain qualities of light that blur the years.
Jules Verne — 20000 Leagues Under the Sea, If there were no thunder men would have little fear of lightning.
Jules Verne — 20000 Leagues Under the Sea, The sea is everything. It covers seven tenths of the terrestrial globe. Its breath is pure and healthy. It is an immense desert where man is never lonely for he feels life stirring on all sides.
Jules Verne — Around the World in 80 Days, A true Englishman doesn't joke when he is talking about so serious a thing as a wager.
Jules Verne — Around the World in 80 Days, A minimum put to good use is enough for anything.
Jules Verne — Journey to the Center of the Earth, Wherever he saw a hole he wanted to know the depth of it.
Jules Verne — Journey to the Center of the Earth, I dream with my eyes open.
EB White — Charlotte’s Web, You have been my friend. That in itself is a tremendous thing.
EB White — Charlotte’s Web, After all what's a life anyway? We're born we live a little while we die.
Carlos Zafon — The Shadow of the Wind, Books are mirrors: you only see in them what you already have inside you.
Carlos Zafon — The Shadow of the Wind, There's no such thing as dead languages only dormant minds
Carlos Zafon — The Shadow of the Wind, A story is a letter that the author writes to himself to tell himself things that he would be unable to discover otherwise.
Carlos Zafon — The Shadow of the Wind, I was raised among books making invisible friends in pages that seemed cast from dust and whose smell I carry on my hands to this day.
Carlos Zafon — The Shadow of the Wind, Paris is the only city in the world where starving to death is still considered an art.
Stephanie Meyer — Twilight, Without the dark we’d never see the stars.
Stephanie Meyer — Breaking Dawn, Life sucks… and then you die.
Stephanie Meyer — Breaking Dawn, Did you know ‘I told you so’ has a brother? His name is ‘shut the hell up’.
Peter Watts — Blindsight, Stars everywhere. So many stars that I could not for the life me understand how the sky could contain them all yet be so black.
Peter Watts — Blindsight, We're not thinking machines we're feeling machines that happen to think.
Peter Watts — Blindsight, Every concert pianist knows that the surest way to ruin a performance is to be aware of what the fingers are doing.
Peter Watts — Blindsight, What's the survival value of obsessing on a sunset?
Edith Wharton — The Age of Innocence, Each time you happen to me all over again.
Mark Helprin — Winter’s Tale, They gave themselves up to the stars the way swimmers can surrender to the waves and the stars took them without resistance.
Mark Helprin — Freddy and Fredericka, A good river is nature's life work in song.
Rick Yancey — The 5th Wave, That's what you do when the curtain is falling–you give the line that the audience wants to hear.
Rick Yancey — The 5th Wave, His heart the war. Her face the battlefield.
Rick Yancey — The Infinite Sea, The world always comes back.
Rick Yancey — The Infinite Sea, I found you but in finding you I lost myself.
Rick Yancey — The Last Star, There's nothing fated in our stars. No meant-to-be in any of it. We are accidental people occupying an accidental planet in an accidental universe. And that's okay.
Rick Yancey — The Last Star, The world is beautiful. If it wasn't it wouldn't be the world.
Rick Yancey — The Last Star, Some things down to the smallest of things are worth the sum of all things.
Herbert Mason — The Epic of Gilgamesh, Gilgamesh was called a god and a man; Enkidu was an animal and a man. It is the story of their becoming human together.
Angela Carter — Once in Europa, Soon nostalgia will be another name for Europe.
Angela Carter — The Infernal Desire Machines, I desire therefore I exist.
Angela Carter — The Lady of the House of Love, She herself is a haunted house.
Angela Carter — The Magic Toyshop, She was like a piano in a country where everyone has had their hands cut off.
Angela Carter — The Magic Toyshop, I think I want to be in love with you but I don't know how.
Angela Carter — Wise Children, There was a house we all had in common and it was called the past even though we'd lived in different rooms.
Angela Carter — Wise Children, Stars on our door stars in our eyes stars exploding in the bits of our brains where the common sense should have been.
Richard K Morgan — Altered Carbon, Catholics get on well with tyranny. It's in the culture.
Mary Shelley — Frankenstein, You are my creator but I am your master.
Mary Shelley — Frankenstein, The beginning is always today.
Mary Shelley — Frankenstein, Beware: for I am fearless and therefore powerful.
Dan Brown — Digital Fortress, Everything is possible. The impossible just takes longer.
Dan Brown — The Lost Symbol, Google is not a synonym for research.
Dan Brown — The Lost Symbol, To live in the world without becoming aware of the meaning of the world is like wandering about in a great library without touching the books.
Dan Brown — The Da Vinci Code, Everyone loves a conspiracy.
Dan Brown — The Da Vinci Code, Telling someone about what a symbol means is like telling someone how music should make them feel.
Dan Brown — Angels and Demons, The media is the right arm of anarchy.
Dan Brown — Inferno, Remember tonight for it’s the beginning of forever.
Kristin Cashore — Graceling, If I told you my roof needed rebuilding you'd start by knocking down the house.
Kristin Cashore — Graceling, Perhaps I can stay by the fire and mend your socks and scream if I hear any strange noises.
Kristin Cashore — Graceling, And so Po described to Katsa what hid in the blackness of the cave; and outside the world awaited them.
Sarah J Maas — A Court of Mist and Fury, To the people who look at the stars and wish. And to the stars who listen— and the dreams that are answered.
Sarah J Maas — A Court of Mist and Fury, I painted stars and the moon and clouds and just endless dark sky. I wonder if some part of me knew what was waiting for me. That I would never be a gentle grower of things or someone who burned like fire—but that I would be quiet and enduring and as faceted as the night.
Sarah J Maas — A Court of Mist and Fury, I was his and he was mine and we were the beginning and middle and end. We were a song that had been sung from the very first ember of light in the world.
Sarah J Maas — A Court of Thorns and Roses, There are those who seek me a lifetime but never we meet
Sarah J Maas — A Court of Wings and Ruin, When you erupt girl make sure it is felt across worlds.
Sarah J Maas — Heir of Fire, You can’t pick and choose what parts of her to love.
Sarah J Maas — Heir of Fire, We are the Thirteen from now until the darkness claims us.
Sarah J Maas — Heir of Fire, Her dearest friends are characters in books.
Sarah J Maas — Queen of Shadows, Let’s go rattle the stars.
Sarah J Maas — Queen of Shadows, I was always looking toward the horizon always wondering what waited across the next ocean over the next mountain. But I think … I think that whole time all those centuries I was just looking for you.
Sarah J Maas — Queen of Shadows, If you’re a monster I’m a monster.
Sarah J Maas — Crown of Midnight, But death was her curse and her gift and death had been her good friend these long long years.
Sarah J Maas — Throne of Glass, Second place is a nice title for the first loser.
Sarah J Maas — Throne of Glass, A lovely girl gazing at the stars and the stars who gazed back.
Sarah J Maas — Empire of Storms, He was hers and she was his and they had found each other across centuries of bloodshed and loss across oceans and kingdoms and war.
Sarah J Maas — Empire of Storms, This world is a forgotten whisper of dust between the stars.
John Knowles — A Separate Peace, Always say some prayers at night because it might turn out that there is a God.
Cormac McCarthy — No Country for Old Men, You don’t know what worse luck your bad luck has saved you from.
Cormac McCarthy — No Country for Old Men, One of the things you realize about getting older is that not everybody is going to get older with you.
Cormac McCarthy — All the Pretty Horses, Between the wish and the thing the world lies waiting.
Cormac McCarthy — All the Pretty Horses, They heard somewhere in that tenantless night a bell that tolled where no bell was and they rode out on the round dais of the earth which alone was dark and no light which carried their figures and bore them up into the swarming stars so that they rode not under but among them jaunty and circumspect like thieves newly loosed in that dark electric like young thieves in a glowing orchard loosely jacketed against the cold and ten thousand worlds for the choosing.
Cormac McCarthy — All the Pretty Horses, He’d half meant to speak but those eyes had altered the world forever in the space of a heartbeat.
Cormac McCarthy — All the Pretty Horses, Scars have the strange power to remind us our past is real.
Cormac McCarthy — Blood Meridian, The mystery is that there is no mystery.
Cormac McCarthy — Blood Meridian, Whatever in creation exists without my knowledge exists without my consent.
Cormac McCarthy — Blood Meridian, There is no such joy in the tavern as upon the road thereto.
Cormac McCarthy — Blood Meridian, They were watching out there past men's knowing where stars are drowning and whales ferry their vast souls through the black and seamless sea.
Cormac McCarthy — Child of God, At one time in the world there were woods that no one owned.
Cormac McCarthy — The Sunset Limited, Show me a religion that prepares one for death. For nothingness. Yours prepares one only for more life.
Cormac McCarthy — The Road, There is no God and we are his prophets.
Cormac McCarthy — The Road, Nobody wants to be here and nobody wants to leave.
Cormac McCarthy — The Road, Borrowed time and borrowed world and borrowed eyes with which to sorrow it.
Cormac McCarthy — The Road, If he is not the word of God God never spoke.
Cormac McCarthy — The Road, On their backs were vermiculate patterns that were maps of the world in its becoming. Maps and mazes. Of a thing which could not be put back. Not be made right again. In the deep glens where they lived all things were older than man and they hummed of mystery.
Cormac McCarthy — The Road, When you die it's the same as if everybody else did too.
Jon Krakauer — Into the Wild, I think careers are a 20th century invention and I don’t want one.
Jon Krakauer — Into the Wild, But I came to appreciate that mountains make poor receptacles for dreams.
Arundhati Roy — The God of Small Things, It was a time when the unthinkable became the thinkable and the impossible really happened
Arundhati Roy — The God of Small Things, You know how they end yet you listen as though you don’t. In the way that although you know that one day you will die you live as though you won’t. In the Great Stories you know who lives who dies who finds love who doesn’t. And yet you want to know again.
Arundhati Roy — The God of Small Things, If you’re happy in a dream does that count?
Arundhati Roy — The God of Small Things, He folded his fear into a perfect rose. He held it out in the palm of his hand. She took it from him and put it in her hair.
Arundhati Roy — The God of Small Things, Ammu said that human beings were creatures of habit and it was amazing the kind of things one could get used to.
Arundhati Roy — The God of Small Things, Nothing mattered much. Nothing much mattered. And the less it mattered the less it mattered.
Arundhati Roy — The God of Small Things, For reasons that I don't fully understand fiction dances out of me and nonfiction is wrenched out by the aching broken world I wake up to every morning.
Arundhati Roy — The God of Small Things, Insanity hovered close at hand like an eager waiter at an expensive restaurant.
Arundhati Roy — The God of Small Things, The moment I saw her a part of me walked out of my body and wrapped itself around her. And there it still remains.
Arundhati Roy — The God of Small Things, What came for them? Not death. Just the end of living.
Arundhati Roy — The God of Small Things, Another world is not only possible she is on her way. On a quiet day I can hear her breathing.
Katherine Paterson — Bridge to Terabithia, He may not have been born with guts but he didn't have to die without them.
Katherine Paterson — Bridge to Terabithia, It’s like the smarter you are the more things can scare you.
Katherine Paterson — Bridge to Terabithia, You think it's so great to die and make everyone cry and carry on. Well it ain't.
Katherine Paterson — Bridge to Terabithia, Sitting in cold wet britches for an hour was no fun even in a magic kingdom.
Joy McCullough — Blood Water Paint, Being in the right is not always the solace you might expect.
Charles Dickens — A Tale of Two Cities, It was the best of times it was the worst of times.
Charles Dickens — A Tale of Two Cities, You have been the last dream of my soul.
Charles Dickens — A Tale of Two Cities, A multitude of people and yet a solitude
Charles Dickens — A Tale of Two Cities, It is a far far better thing that I do than I have ever done; it is a far far better rest that I go to than I have ever known.
Charles Dickens — The Old Curiosity Shop, There are bad people in it Mr. Richard but if there were no bad people there would be no good lawyers.
Charles Dickens — A Christmas Carol, For it is good to be children sometimes.
Charles Dickens — Oliver Twist, There are books of which the backs and covers are by far the best parts.
Charles Dickens — David Copperfield, Whether I shall turn out to be the hero of my own life or whether that station will be held by anybody else these pages must show.
Charles Dickens — Great Expectations, You are in every line I have ever read.
Charles Dickens — Great Expectations, Ask no questions and you’ll be told no lies.
Charles Dickens — Great Expectations, Spring is the time of year when it is summer in the sun and winter in the shade.
Charles Dickens — Great Expectations, Love her love her love her!
Shel Silverstein — The Giving Tree, And the tree was happy.
Shel Silverstein — Everything On It, There are no happy endings. Endings are the saddest part.
Truman Capote — Breakfast at Tiffany’s, It's better to look at the sky than live there. Such an empty place; so vague. Just a country where the thunder goes and things disappear.
Truman Capote — Breakfast at Tiffany’s, Because no matter where you run you just end up running into yourself.
Truman Capote — Breakfast at Tiffany’s, Everybody has to feel superior to somebody. But it's customary to present a little proof before you take the privilege.
Truman Capote — Breakfast at Tiffany’s, You can't blame a writer for what the characters say.
Truman Capote — In Cold Blood, As long as you live there's always something waiting.
Truman Capote, Life is a moderately good play with a badly written third act.
Herman Hesse — Siddhartha, The river is everywhere at the same time at the source and at the mouth at the waterfall at the ferry at the current in the ocean and in the mountains everywhere and that the present only exists for it not the shadow of the past nor the shadow of the future.
Kim Stanley Robinson — Green Mars, You can't get any movement larger than five people without including at least one fucking idiot.
Kim Stanley Robinson — Green Mars, Childhood isn't just those years. It's also the opinions you form about them afterward. That's why our childhoods are so long.
Kim Stanley Robinson — Icehenge, In the beginning was the dream and the work of disenchantment never ends.
Kim Stanley Robinson — Red Mars, Science was many things Nadia thought including a weapon with which to hit other scientists.
Kim Stanley Robinson — 2312, Here they were on the only planetary surface on which you could walk freely naked to the wind and the sun and when they had a choice they sat in boxes and stared at littler boxes just as if they had no choice.
Kim Stanley Robinson — Galileo’s Dream, Consciousness is solitary.
Sarah Perry — The Essex Serpent, Anything that was ever worth knowing began with once upon a time.
Sarah Perry — The Essex Serpent, Must we make battlegrounds out of our children?
Friedrich Nietzsche — Thus Spoke Zarathustra, God is dead.
Friedrich Nietzsche — Thus Spoke Zarathustra, But the worst enemy you can meet will always be yourself; you lie in wait for yourself in caverns and forests.
Friedrich Nietzsche — Beyond Good and Evil, Madness is something rare in individuals — but in groups parties peoples and ages it is the rule.
Friedrich Nietzsche — Twilight of the Idols, Without music life would be a mistake.
Friedrich Nietzsche — Twilight of the Idols, All truly great things are conceived while walking.
Nicholas Sparks — The Notebook, The scariest thing about distance is that you don’t know whether they’ll miss you or forget you.
Nicholas Sparks — The Notebook, If you’re a bird… I’m a bird.
Stephen Chbosky — The Perks of Being a Wallflower, We accept the love we think we deserve
Stephen Chbosky — The Perks of Being a Wallflower, And in that moment I swear we were infinite
Stephen Chbosky — The Perks of Being a Wallflower, This moment will just be another story someday
Jennifer Egan — A Visit from the Goon Squad, I’m always happy. Sometimes I just forget.
Jennifer Egan — A Visit from the Goon Squad, I don’t want to fade away I want to flame away
Jennifer Egan — A Visit from the Goon Squad, Sure everything is ending. But not yet.
Jennifer Egan — A Visit from the Goon Squad, All we’ve got are metaphors and they’re never exactly right.
Anne Sexton — A Self Portrait in Letters, Your eyes are full of language.
Brandon Sanderson — Mistborn, Wasing not of wasing is.
Brandon Sanderson — Mistborn, You should try not to talk so much friend. You'll sound far less stupid that way.
Brandon Sanderson — Mistborn, That’s the funny thing about arriving somewhere. Once you’re there the only thing you can really do is leave again.
Brandon Sanderson — Mistborn, Good men don’t become legends.
Brandon Sanderson — Oathbringer, The most important step a person can take is always the next one.
Brandon Sanderson — The Way of Kings, Journey before destination.
Brandon Sanderson — Elantris, We’re not dead and we’re not damned. We’re just unfinished.
Brandon Sanderson — Elantris, It’s human nature to believe that other places and other times are better than the here and now.
Brandon Sanderson — Warbreaker, Did you just try to prove the existence of God with your cleavage?
Brandon Sanderson — Firefight, To me you’re a potato in a minefield.
Brandon Sanderson — Skyward, But logically if you’re speaking to me then possibility has collapsed in our favor. Hurray!
William Thackeray — Vanity Fair, In the midst of friends home and kind parents she was alone.
William Thackeray — Vanity Fair, All is vanity. Nothing is fair.
William Thackeray — Vanity Fair, Are not there little chapters in everybody's life that seem to be nothing and yet affect all the rest of the history?
Orson Scott Card — Ender’s Game, Remember the enemy’s gate is down.
Orson Scott Card — Ender’s Game, No book however good can survive a hostile reading.
Orson Scott Card — Ender’s Game, Fiction because it is not about someone who lived in the real world always has the possibility of being about oneself.
Orson Scott Card — The Folk of the Fringe, It’s called civilization. Women invented it and every time you men blow it to bits we just invent it again.
Orson Scott Card — Speaker for the Dead, You killed more people than anybody in history… Be the best at whatever you do my mother always told me.
Orson Scott Card — Empire, Being young is an 18 year prison sentence for a crime your parents committed.
Orson Scott Card — Xenocide, A slave who rejoices is a slave indeed.
Orson Scott Card — Shadow of the Giant, How much time? Not as much as I had yesterday.
Orson Scott Card — Sarah, Love is finding that the things you like best about yourself are not in you at all but in the person who completes you.
Margaret Mitchell — Gone With the Wind, You should be kissed and often and by someone who knows how.
Margaret Mitchell — Gone With the Wind, After all tomorrow is another day.
Margaret Mitchell — Gone With the Wind, My dear I don’t give a damn.
Patricia Highsmith — The Price of Salt, It always gets late with you.
Patricia Highsmith — The Price of Salt, I feel I stand in a desert with my hands outstretched and you are raining down upon me.
Hugh Howey — Dust, That's the problem with the truth. Liars and honest men both claim to have it.
Hugh Howey — Wool Omnibus, Even in the darkness his smile threw shadows.
Joe Abercrombie — Last Argument of Kings, In war the only crime is to lose.
Joe Abercrombie — Last Argument of Kings, It never ceases to amaze me how swiftly problems can be solved once you start cutting things off people.
Joe Abercrombie — Best Served Cold, You were a hero round these parts. That's what they call you when you kill so many people the word murderer falls short
Joe Abercrombie — Best Served Cold, Have a smile for breakfast you’ll be shitting joy for lunch.
Joe Abercrombie — Half a King, You don’t have to be ready. You just have to go.
Joe Abercrombie — Half a King, If life has taught me one thing it's that there are no villains. Only people doing their best.
Joe Abercrombie — Before They Are Hanged, Those with the least always lose the most in war.
Joe Abercrombie — Red Country, Strange how the best moments of our lives we scarcely notice except in looking back.
Joe Abercrombie — The Blade Itself, History is littered with dead good men.
Joe Abercrombie — The Blade Itself, Well. What can we do except try to do better?
Maureen Johnson — The Madness Underneath, Don't get stabbed. It makes everything awkward.
Denis Johnson — Jesus’ Son, I knew every raindrop by its name.
Denis Johnson — Jesus’ Son, Sometimes what I wouldn't give to have us sitting in a bar again at 9:00 a.m. telling lies to one another far from God.
Jay Kristoff — Illuminae, You deserve every star in the galaxy laid out at your feet and a thousand diamonds in your hair.
Jay Kristoff — Godsgrave, That's the power of words; twenty six little letter can paint a whole universe.
Jay Kristoff — Godsgrave, A child of murdered parents and a failed rebellion she'd still walked in the boots of scholars and warriors queens and conquerors.
Jay Kristoff — Godsgrave, The wolf does not pity the lamb. The storm begs no forgiveness of the drowned.
Jay Kristoff — Godsgrave, But to live in the hearts of those we leave behind is to never die. And to burn in the memories of our friends is to never say goodbye.
Jay Kristoff — Stormdancer, Tiger proudly roars. Dragon dives and Phoenix soars. Fox gets the chicken.
Jay Kristoff — Nevernight, You'll be a rumor. A whisper. The thought that wakes the bastards of this world sweating in the nevernight.
Jay Kristoff — Nevernight, The books we love they love us back. And just as we mark our places in the pages those pages leave their marks on us.
Jay Kristoff — Nevernight, Too many books. Too few centuries.
Jay Kristoff — Nevernight, You’ve got words in your soul.
Dan Simmons — Endymion, The shortest route to courage is absolute ignorance.
Dan Simmons — Endymion, I loved you backward and forward in time.
Dan Simmons — Hyperion, Who was Hitler?' I said. Tyrena smiled slightly. 'An Old Earth politician who did some writing.
Dan Simmons — Hyperion, We lack the objectivity necessary to see the terrible distortion of reality which language brings.
Dan Simmons — Hyperion, We spend most of our lives in mansions build of words.
Dan Simmons — Hyperion, In such seconds of decision entire futures are made.
Lauren Groff — Fates and Furies, She said nothing eloquently.
Anthony Doerr — All the Light We Cannot See, Don’t you want to be alive before you die?
Anthony Doerr — All the Light We Cannot See, Open your eyes and see what you can with them before they close forever.
Anthony Doerr — All the Light We Cannot See, Beneath your world of skies and faces and buildings exists a rawer and older world a place where surface planes disintegrate and sounds ribbon in shoals through the air.
Anthony Doerr — All the Light We Cannot See, What the war did to dreamers.
Anthony Doerr — All the Light We Cannot See, We rise again in the grass. In the flowers. In songs.
Anthony Doerr — All the Light We Cannot See, Stones are just stones and rain is just rain and misfortune is just bad luck.
Marilynn Robinson — Gilead, This is an interesting planet. It deserves all the attention you can give it.
Marilynn Robinson — Gilead, Existence seems to me now the most remarkable thing that could ever be imagined.
Lin-Manuel Miranda — Hamilton, I imagine death so much it feels more like a memory.
Lin-Manuel Miranda — Hamilton, If you stand for nothing burr what will you fall for.
Lin-Manuel Miranda — Hamilton, Legacy. What is a Legacy? It's planting seeds in a garden you never get to see.
Lin-Manuel Miranda, You are perfectly cast in your life. I can't imagine anyone but you in the role.
Mark Twain, God created war so Americans could learn geography.
Mark Twain — The Adventures of Huck Finn, All right then I’ll go to Hell.
Mark Twain, A lie can travel half way around the world while the truth is putting on its shoes.
Mark Twain, What would men be without women? Scarce sir...mighty scarce.
Mark Twain — Adventures of Tom Sawyer, It being strictly a history of a boy it must stop here; the story could not go much further without becoming the history of a man.
Mark Twain — Adventures of Tom Sawyer, Tom I’m not everybody.
Mark Twain — The Adventures of Huck Finn, If you tell the truth you don’t need to remember what you said.
Meg Cabot — Princess on the Brink, I bet fish would totally want bicycles.
Russell Banks — Continental Drift, Go my book and help destroy the world as it is.
Russell Banks — Continental Drift, Those aren't people he fumed they're photographs
Haruki Murakami — The Elephant Vanishes, Potentiality knocks on the door of my heart.
Haruki Murakami — Kafka by the Shore, It’s like Tolstoy said. Happiness is an allegory unhappiness a story.
Haruki Murakami — Kafka by the Shore, Chance encounters are what keep us going.
Haruki Murakami — Kafka by the Shore, Distance does not solve anything no matter how far you run.
Haruki Murakami — Kafka by the Shore, Kafka sits in a chair by the shore thinking for the pendulum that moves the world.
Haruki Murakami — Kafka by the Shore, Silence I discover is something you can actually hear.
Haruki Murakami — Kafka by the Shore, If you remember me then I don’t care if everyone else forgets.
Jean Rhys — Wide Sargasso Sea, Blot out the moon. Pull down the stars. Love in the dark.
Madeleine Miller — The Song of Achilles, I am made of memories.
Madeleine Miller — The Song of Achilles, I will go to Troy.
Madeleine Miller — The Song of Achilles, I would know him in death at the end of the world.
Madeleine Miller — The Song of Achilles, We are all there god and mortal and the boy who was both.
Madeleine Miller — The Song of Achilles, Chiron had said once that nations were the most foolish of mortal inventions. No man is worth more than another wherever he is from.
Madeleine Miller — The Song of Achilles, Odysseus smiles. Perhaps one day even I will be famous. Perhaps more famous than you.
HP Lovecraft — The Call of Cthulu, The oldest and strongest emotion of mankind is fear and the oldest and strongest kind of fear is fear of the unknown.
Erin Morgenstern — The Night Circus, I would have written you myself if I could put down in words everything I want to say to you. A sea of ink would not be enough.
Erin Morgenstern — The Night Circus, The circus arrives without warning.
Erin Morgenstern — The Night Circus, You may tell a tale that takes up residence in someone's soul.
Erin Morgenstern — The Starless Sea, A boy at the beginning of a story has no way of knowing that the story has begun.
Erin Morgenstern — The Starless Sea, A reading major that's what he wants. No response papers no exams no analysis just the reading.
Erin Morgenstern — The Starless Sea, We are all stardust and stories.
Helene Wecker — The Golem and the Jinni, And perhaps the humans did create their God. But does that make him less real? Take this arch. They created it. Now it exists.
Frank Herbert — Dune, The real universe is always one step beyond logic.
Frank Herbert — Dune, We faced it and did not resist. The storm passed through us and around us. It's gone but we remain.
Frank Herbert — Dune, The mystery of life isn't a problem to solve but a reality to experience.
Frank Herbert — Dune, From the top of the mountain you cannot see the mountain.
Frank Herbert — Dune, A man’s flesh is his own. His water belongs to the tribe.
Frank Herbert — Dune, There is probably no more terrible instant of enlightenment than the one in which you discover your father is a man
Frank Herbert — Dune, Fear is the mind killer.
VC Andrews — Seeds of Yesterday, I believe in God but I don’t believe in religion.
Christopher Paolini — Eragon, It's amazing that a man who is dead can talk to people through these pages.
Christopher Paolini — Eragon, The sea is emotion incarnate. It loves hates and weeps. It defies all attempts to capture it with words and rejects all shackles.
Christopher Paolini — Eragon, People have an annoying habit of remembering things they shouldn't.
Christopher Paolini — Eragon, Into the sky to win or die.
Megan Whalen Turner — The King of Attolia, Like falling in love with a landslide.
Terry Pratchett — Jingo, Give a man a fire and he's warm for a day but set fire to him and he's warm for the rest of his life.
Terry Pratchett — Diggers, The trouble with having an open mind of course is that people will insist on coming along and trying to put things in it.
Terry Pratchett — Reaper Man, Five exclamation marks the sure sign of an insane mind.
Terry Pratchett — Reaper Man, It’s not that I fear death… it’s just that life is a habit that’s hard to break.
Terry Pratchett — Moving Pictures, Inside every old person is a young person wondering what happened.
Terry Pratchett — Small Gods, A philosopher is someone who's bright enough to find a job with no heavy lifting.
Terry Pratchett — Feet of Clay, Geography is just physics slowed down with a couple of trees stuck in it.
Terry Pratchett — Equal Rites, The entire universe has been neatly divided into things to (a) mate with (b) eat (c) run away from and (d) rocks.
Terry Pratchett — Soul Music, Susan hated Literature. She'd much prefer to read a good book.
Terry Pratchett — Thief of Time, When in doubt choose to live.
Terry Pratchett — Thief of Time, There is no doubt that being human is incredibly difficult and cannot be mastered in one lifetime.
Terry Pratchett — Wintersmith, This I choose to do. If there is a price this I choose to pay. If it is my death then I choose to die. Where this takes me there I choose to go. I choose.
Terry Pratchett — The Color of Magic, If I were you I'd sue my face for slander.
Terry Pratchett — Discworld, Stories of imagination tend to upset those without one.
Terry Pratchett — Eric, It’s the difference between using a feather and using a chicken.
Terry Pratchett — A Hat Full of Sky, It’s still magic even if you know how it was done.
Terry Pratchett — Wyrd Sisters, This book was written with 100% recycled words.
Terry Pratchett — Going Postal, Do you not know that a man is not dead if his name is still spoken?
William Golding — Lord of the Flies, Maybe it’s only us.
William Golding — Lord of the Flies, After all we're not savages. We're English and the English are best at everything.
Ian McEwan — Atonement, Above all it was the failure to grasp the simple truth that other people are as real as you.
Margaret Atwood — The Handmaid’s Tale, We were the people who were not in the papers. We lived in the blank white spaces at the edges of print. It gave us more freedom. We lived in the gaps between the stories.
Margaret Atwood — The Blind Assassin, I was sand I was snow—written on rewritten smoothed over.
Margaret Atwood — Cat’s Eye, Potential has a shelf life.
Margaret Atwood — Alia’s Grace, If we were all on trial for our thoughts we would all be hanged.
Margaret Atwood, War is what happens when language fails.
Julia Glass — The Widower’s Tale, Who's ever ready for anything important?
Julia Glass — Three Junes, When it comes to life we spin our own yarn and where we end up is really in fact where we always intended to be.
Andy Weir — The Martian, How come Aquaman can control whales? They’re mammals! Makes no sense
Andy Weir — The Martian, As with most of life's problems this one can be solved by a box of pure radiation.
Andy Weir — The Martian, Also I have duct tape. Ordinary duct tape like you buy at a hardware store. Turns out even NASA can’t improve on duct tape.
Andy Weir — The Martian, My asshole is doing as much to keep me alive as my brain.
Fyodor Dostoyevsky — The Brothers Karamazov, But I find to my amazement that the more I love mankind as a whole the less I love man in particular.
Fyodor Dostoyevsky — White Nights, But how could you live and have no story to tell?
Fyodor Dostoyevsky — Demons, If you want to overcome the whole world overcome yourself.
Fyodor Dostoyevsky — Crime and Punishment, A hundred suspicions don’t make a proof.
Fyodor Dostoyevsky — Crime and Punishment, It takes something more than intelligence to act intelligently.
Fyodor Dostoyevsky — Crime and Punishment, To go wrong in one’s own way is better than to go right in someone else’s.
Fyodor Dostoyevsky — Crime and Punishment, Man grows used to everything the scoundrel.
Fyodor Dostoyevsky — Crime and Punishment, Walking along the crowded row. He met the one he used to know.
Fyodor Dostoyevsky — Crime and Punishment, Only to live to live to live!
Gayle Forman — Just One Day, Sometimes the best way to find out what you’re supposed to do is by doing the thing you’re not supposed to do.
Ray Bradbury — Zen in the Art of Writing, You must stay drunk on writing so reality cannot destroy you.
Ray Bradbury — Zen in the Art of Writing, Every morning I jump out of bed and step on a landmine. The landmine is me. After the explosion I spend the rest of the day putting the pieces together.
Ray Bradbury — The Martian Chronicles, We earth men have a talent for ruining big beautiful things.
Ray Bradbury — Fahrenheit 451, It was a pleasure to burn.
Ray Bradbury — Fahrenheit 451, There is more than one way to burn a book.
Ray Bradbury — Fahrenheit 451, When people ask your age he said always say seventeen and insane.
Ray Bradbury — Dandelion Wine, The first thing you learn in life is you're a fool. The last thing you learn in life is you're the same fool.
Ray Bradbury — Dandeline Wine, Some people turn sad awfully young.
Christopher Marlowe — Doctor Faustus, Was this the face that launched a thousand ships?
Christopher Marlowe — Doctor Faustus, Hell is just a frame of mind.
Holly Black — The White Cat, We are largely who we remember ourselves to be.
Miguel de Cervantes Saavedra — Don Quixote, Finally from so little sleeping and so much reading his brain dried up and he completely went out of his mind.
Miguel de Cervantes Saavedra — Don Quixote, There is no book so bad that it doesn’t have something good in it.
Miguel de Cervantes Saavedra — Don Quixote, Take my advice and live for a long long time.
Miguel de Cervantes Saavedra — Don Quixote, Do you see over yonder friend Sancho thirty or forty hulking giants? I intend to do battle with them and slay them.
Miguel de Cervantes Saavedra — Don Quixote, To dream the impossible dream that is my quest.
Miguel de Cervantes Saavedra — Don Quixote, Thou hast seen nothing yet.
Miguel de Cervantes Saavedra — Don Quixote, Until death it is all life.
Robin Hobb — Fool’s Fate, In that last dance of chances.
Robin Hobb — The Mad Ship, Tomorrow owes you the sum of your yesterdays. No more than that. And no less.
Robin Hobb — Assassin’s Apprentice, It's too late to apologize for I have already forgiven you.
Robin Hobb — Assassin’s Apprentice, Don’t do what you can’t undo until you’ve considered what you can’t do once you’ve done it.
Robin Hobb — Royal Assassin, Wolves have no king.
Robin Hobb — The Mad Ship, You can’t undo yesterday’s journey.
Robin Hobb — The Mad Ship, I never confuse the cost of something with its value.
Robin Hobb — Assassin’s Quest, But a living is not a life.
Robin Hobb — Assassin’s Quest, Someday is someday and maybe it will be or maybe it won't.
Louis Sachar — Holes, There is no lake at Camp Green Lake.
Louis Sachar — Holes, Rattlesnakes would be a lot more dangerous if they didn't have the rattle.
Louis Sachar — Holes, In a way it made him sad. He couldn't help but think that a hundred times zero was still nothing.
Louis Sachar — Holes, If only if only.
Louis Sachar — Holes, When you spend your whole life living in a hole the only way you can go is up.
Adam Silvera — They Both Die at the End, You may be born into family but you walk into friendships.
Agatha Christie — And Then There Were None, An archaeologist is the best husband a woman can have. The older she gets the more interested he is in her.
Agatha Christie — And Then There Were None, Crime is terribly revealing.
Agatha Christie — Clocks, It is clear that the books owned the shop rather than the other way about.
Bram Stoker — Dracula, I want you to believe in things that you cannot.
Bram Stoker — Dracula, There are darknesses in life and there are lights and you are one of the lights the light of all lights.
Bram Stoker — Dracula, I have crossed oceans of time to find you.
F Scott Fitzgerald — This Side of Paradise, They slipped briskly into an intimacy from which they never recovered.
F Scott Fitzgerald — Tender is the Night, Actually that’s my secret — I can’t even talk about you to anybody because I don’t want any more people to know how wonderful you are.
F Scott Fitzgerald — Tender is the Night, Somewhere inside me there'll always be the person I am to-night.
F Scott Fitzgerald — The Great Gatsby, In his blue gardens men and girls came and went like moths among the whisperings and the champagne and the stars.
F Scott Fitzgerald — The Great Gatsby, First you take a drink then the drink takes a drink then the drink takes you.
F Scott Fitzgerald — The Great Gatsby, And I like large parties. They’re so intimate. At small parties there isn’t any privacy
F Scott Fitzgerald — The Great Gatsby, He must have looked up at an unfamiliar sky through frightening leaves and shivered as he found what a grotesque thing a rose is and how raw the sunlight was upon the scarcely created grass.
F Scott Fitzgerald — The Great Gatsby, There are only the pursued the pursuing the busy and the tired.
F Scott Fitzgerald — The Great Gatsby, Life starts all over again when it gets crisp in the fall.
F Scott Fitzgerald — The Great Gatsby, You see I usually find myself among strangers because I drift here and there trying to forget the sad things that happened to me.
F Scott Fitzgerald — The Great Gatsby, And so we beat on boats against the current borne back ceaselessly into the past.
F Scott Fitzgerald — The Love of the Last Tycoon, Writers aren’t people exactly.
Sylvia Plath — The Bell Jar, I am I am I am.
Sylvia Plath — The Bell Jar, Piece by piece I fed my wardrobe to the night wind and flutteringly like a loved one’s ashes the gray scraps were ferried off to settle here there exactly where I would never know in the dark heart of New York.
Nathaniel Hawthorne — The Scarlet Letter, We dream in our waking moments and walk when we sleep.
Eoin Colfer — Artemis Fowl, It’s like learning to ride a unicorn. You never forget.
Eoin Colfer — Eternity Code, If you were me then I'd be you and if I were you then I'd hide somewhere far away.
Eoin Colfer — Opal Deception, You wouldn't know a clue if it danced in front of you with a T-Shirt that read 'I'm a clue
Eoin Colfer — Arctic Incident, Illegal is always faster.
Roald Dahl — Charlie and the Chocolate Factory, I've heard tell that what you imagine sometimes comes true.
Roald Dahl — Charlie and the Chocolate Factory, The snozberries taste like snozberries!
Diana Gabaldon — Outlander, Don’t be afraid. There’s two of us now.
Terry Goodkind — Wizard’s First Rule, My cat eats mice. Does that make him bad? I don't think so and the cat doesn't think so but I would bet the mice have a different opinion.
Terry Goodkind — Wizard’s First Rule, No army has ever marched into battle thinking that the Creator had sided with their enemy.
Terry Goodkind — Wizard’s First Rule, Wizards are supposed to have beards.
Terry Goodkind — Soul of the Fire, But this was no ordinary chicken. This chicken was evil manifest.
Terry Goodkind — Temple of the Winds, He is taming chipmunks.
Terry Goodkind — Severed Souls, Sometimes a person can’t talk their heart out of how it feels despite how hard you try.
Terry Goodkind — Blood of the Fold, Fate does not seek our consent.
Terry Goodkind — Stone of Tears, Only a fool walks into the future backwards.
Terry Goodkind — Stone of Tears, Sometimes that’s all life is one desperate act after another.
Terry Goodkind — Stone of Tears, Dance with me Death I am ready.
Johnny Rich — The Human Script, So my sweet did it put the fun in funeral?
Isaac Asimov — Foundation, In life unlike chess the game continues after checkmate.
Isaac Asimov — I Robot, You can prove anything you want by coldly logical reason–-if you pick the proper postulates.
Isaac Asimov — Foundation, The first step in making rabbit stew is catching the rabbit.
Isaac Asimov — Foundation, Society is much more easily soothed than one's own conscience.
Isaac Asimov — Pebble in the Sky, Of course there are worlds. Millions of them! Every star you see has worlds and most of those you don't see.
Isaac Asimov — Pebble in the Sky, Any planet is 'Earth' to those that live on it.
Isaac Asimov, I am not a speed reader. I am a speed understander.
Isaac Asimov — I Robot, The easiest way to solve a problem is to deny it exists.
Thomas Pynchon — Gravity’s Rainbow, A screaming comes across the sky.
Vladimir Nabokov — Literature, Literature was born on the day when a boy came crying wolf wolf and there was no wolf behind him.
Vladimir Nabokov — Lolita, And the rest is rust and stardust.
Vladimir Nabokov — Lolita, Perhaps somewhere someday at a less miserable time we may see each other again.
Vladimir Nabokov — Lolita, A change of environment is the traditional fallacy upon which doomed loves and lungs rely.
Vladimir Nabokov — Lolita, It was love at first sight at last sight at ever and ever sight.
Vladimir Nabokov — Lolita, I need you the reader to imagine us for we don't really exist if you don't.
Vladimir Nabokov — Lolita, There was no Lo to behold.
Vladimir Nabokov — Lolita, Human life is but a series of footnotes to a vast obscure unfinished masterpiece.
Raymond E Feist — Magician, The sound of old winter ice breaking at spring’s touch.
Raymond E Feist — Silverthorn, Life is problems. Living is solving problems.
Virgil — The Aeneid, Flectere si nequeo superos Acheronta movebo.
Virgil — The Aeneid, Omnia vincit amor.
Virgil — The Aeneid, Varium et mutabile semper Femina.
John Toole — A Confederacy of Dunces, Every time I open the door of my room I am literally opening a Pandora's Box.
John Toole — A Confederacy of Dunces, Once a person was asked to step into this brutal century anything could happen.
John Toole — A Confederacy of Dunces, Ignatius what's all this trash on the floor? That is my worldview that you see.
John Toole — A Confederacy of Dunces, You could tell by the way he talked though that he had gone to school a long time. That was probably what was wrong with him.
Julian Barnes — The Sense of an Ending, Love her and then her and her and her.
Audrey Niffenegger — The Time Traveler’s Wife, My apartment is basically a couch an armchair and about four thousand books.
Audrey Niffenegger — The Time Traveler’s Wife, He is coming and I am here.
Stieg Larsson — The Girl with the Dragon Tattoo, I can be a regular bitch. Just try me.
Stieg Larsson — The Girl with the Dragon Tattoo, Keep in mind that I'm crazy won't you?
Stieg Larsson — The Girl with the Dragon Tattoo, Armageddon was yesterday today we have a serious problem.
Stieg Larsson — The Girl Who Played with Fire, There were not so many physical threats that could not be countered with a decent hammer.
Peter De Vries, Everybody hates me because I'm so universally liked.
Peter De Vries — Blood of the Lamb, Life is a zoo in a jungle.
Peter De Vries — The Tents of Wickedness, Even nostalgia isn’t what it used to be.
Peter De Vries — Reuben Reuben, Write drunk edit sober.
Kenneth Oppel — This Dark Endeavor, You see when medicine works it is blessed science and when it fails it is witchcraft.
Kenneth Oppel — Starclimber, It’s a good thing the world’s round.
Kenneth Oppel — The Nest, Sometimes we really aren't supposed to be the way we are.
Geoffrey Chaucer — The Canterbury Tales, People can die of mere imagination.
Geoffrey Chaucer — The Canterbury Tales, If gold rusts then what can iron do?
Geoffrey Chaucer — The Canterbury Tales, Time and tide wait for no man.
Rick Riordan — The Battle of the Labyrinth, Don’t feel bad. I’m usually about to die.
Albert Camus — The Myth of Sisyphus, One must imagine Sisyphus happy.
Albert Camus — The Stranger, I looked up at the mass of signs and stars in the night sky and laid myself open for the first time to the benign indifference of the world.
Albert Camus — The Stranger, Mother died today.
Albert Camus, I rebel therefore I exist.
Toni Morrison — Song of Solomon, She was the third beer.
Toni Morrison — Beloved, Definitions belong to the definers not the defined.
Toni Morrison — Beloved, You are your best thing.
Toni Morrison — Beloved, He wants to put his story next to hers.
James Corey — Leviathan Wakes, Stars are better off without us.
James Corey — Leviathan Wakes, What kind of half-assed apocalypse are they running down there? Give ’em a break. It’s their first.
James Corey — Cibola Burn, No coffee. This is a terrible terrible planet.
James Corey — Leviathan Wakes, Too many dots not enough lines.
James Corey — Cibola Burn, Once is never twice is always.
James Corey — Leviathan Wakes, The massive radiation exposure had failed to give him superpowers.
James Corey — Abbadon Wakes, No monkey ever reheated a frozen burrito.
James Corey — Leviathan Wakes, Last man standing. It’s in my job description.
James Corey — Persepolis Rising, In his opinion faith was generally for people who were bad at math.
James Corey — Persepolis Rising, Your empire’s hands look a lot cleaner when you get to dictate where history begins
James Corey — Caliban’s War, Every empire grows until its reach exceeds its grasp.
James Corey — Caliban’s War, If life transcends death then I will seek for you there. If not then there too.
Arthur Golden — Memoirs of a Geisha, The heart dies a slow death shedding each hope like leaves until one day there are none.
Arthur Golden — Memoirs of a Geisha, He was like a song I'd heard once in fragments but had been singing in my mind ever since.
Arthur Golden — Memoirs of a Geisha, If you aren't the woman I think you are then this isn't the world I thought it was.
Sir Arthur Conan Doyle — Sherlock Holmes, When you have eliminated the impossible what remains however improbable must be the truth.
Sir Arthur Conan Doyle — Sherlock Holmes, That was the curious incident.
Lauren Myracle — ttfn, You should eat a waffle. You can’t be sad if you eat a waffle.
Sam Beckett — Waiting for Godot, We always find something to give us the impression that we exist.
Sam Beckett — Waiting for Godot, We have time to grow old.
Sam Beckett — Murphy, The sun shone having no alternative on the nothing new.
Sam Beckett, You’re on Earth. There’s no cure for that.
Emily Bronte — Wuthering Heights, Whatever our souls are made of his and mine are the same. He’s more myself than I am.
Emily Bronte — Wuthering Heights, I have not broken your heart - you have broken it; and in breaking it you have broken mine.
Emily Bronte — Wuthering Heights, Every leaf speaks bliss to me fluttering from the autumn tree.
Emily Bronte — Wuthering Heights, We part below to meet on high.
Peter Hamilton — The Reality Dysfunction, It took eight generations of cousins marrying to produce you.
Neal Stephenson — Snow Crash, To condense fact from the vapor of nuance.
Neal Stephenson — Snow Crash, Bring the noise.
Neal Stephenson — Snow Crash, See the world is full of things more powerful than us. But if you know how to catch a ride you can go places
Neal Stephenson — Snow Crash, If you did enough traveling you'd never feel at home anywhere.
Frances Hodgson Burnett — The Secret Garden, She made herself stronger by fighting with the wind.
Robert Heinlein — Stranger in a Strange Land, I never do anything I don't want to do. Nor does anyone but in my case I am always aware of it.
Robert Heinlein — The Cat Who Walks Through Walls, Butterflies are self-propelled flowers.
Robert Heinlein — Starship Troopers, Happiness consists in getting enough sleep. Just that nothing more.
Robert Heinlein — Starship Troopers, There are no dangerous weapons; there are only dangerous men.
Robert Heinlein — Time Enough for Love, Sense is never common.
Robert Heinlein — Time Enough for Love, Never attempt to teach a pig to sing; it wastes your time and annoys the pig.
Robert Heinlein — The Moon is a Harsh Mistress, Nothing uses up alcohol faster than politics argument.
Robert Heinlein — The Moon is a Harsh Mistress, As it says in the Bible God fights on the side with the heaviest artillery.
Fredrik Backman — Anxious People, That's the power of literature you know it can act like little love letters between two people who can only explain their feelings by pointing at other people's.
Liu Cixin — The Three Body Problem, I’m a simple man without a lot of complicated twists and turns. Look down my throat and you can see out my ass.
Liu Cixin — The Three Body Problem, Every morning on a turkey farm the farmer comes to feed the turkeys. A scientist turkey having observed this pattern to hold without change for almost a year makes the following discovery: “Every morning at eleven food arrives.” On the morning of Thanksgiving the scientist announces this law to the other turkeys.
Leif Enger — Peace Like a River, I remember it as October days are always remembered cloudless maple-flavored the air gold and so clean it quivers.
Leif Enger — Virgil’s Wanderer, Memory’s oldest trick is convincing us of its accuracy.
Ernest Cline — Ready Player One, People who live in glass houses should just shut the fuck up.
Ernest Cline — Ready Player One, No one in the world gets what they want and that is beautiful.
Ernest Cline — Ready Player One, You're probably wondering what's going to happen to you. That's easy. The same thing is going to happen to you that has happened to every other human being who has ever lived. You're going to die. We all die. That's just how it is.
Ernest Cline — Ready Player One, A river of words flowed between us.
Antoine de Saint Exupery — The Little Prince, You see one loves the sunset when one is sad.
Antoine de Saint Exupery — The Little Prince, Draw me a sheep.
Antoine de Saint Exupery — The Little Prince, It is the time you have wasted for your rose that makes your rose so important.
Donna Tart — The Secret History, Forgive me for all the things I did but mostly for the ones that I did not.
Amy Tan — Saving Fish from Drowning, I hid my deepest feelings so well I forgot where I placed them.
Amy Tan — The Joy Luck Club, How to lose your innocence but not your hope. How to laugh forever.
Amy Tan — The Kitchen God’s Wife, How can you blame a person for his fears and weaknesses unless you have felt the same and done differently?
Joseph Heller — Catch 22, He knew everything there was to know about literature except how to enjoy it.
Joseph Heller — Catch 22, Just because you’re paranoid doesn’t mean they’re not after you.
Joseph Heller — Catch 22, He was going to live forever or die in the attempt.
Joseph Heller — Catch 22, Well he died. You don’t get any older than that.
Joseph Heller — Catch 22, He was a self-made man who owed his lack of success to nobody.
Joseph Heller — Catch 22, Anything worth dying for is certainly worth living for.
Joseph Heller — Catch 22, Some men are born mediocre some men achieve mediocrity and some men have mediocrity thrust upon them.
Kurt Vonnegut — Slaughterhouse Five, So it goes.
Kurt Vonnegut — Slaughterhouse Five, The universe is a big place perhaps the biggest.
Kurt Vonnegut — Slaughterhouse Five, All this happened more or less.
Kurt Vonnegut — A Man Without a Country, Do you realize that all great literature is all about what a bummer it is to be a human being?
Kurt Vonnegut — Cat’s Cradle, Everything must have a purpose? asked God
Kurt Vonnegut, We are what we pretend to be.
Kurt Vonnegut — Sirens of Titan, I was a victim of a series of accidents.
Kurt Vonnegut — Sirens of Titan, Those who believe in telekinetics please raise my hand.
Kurt Vonnegut — Timequake, All persons living or dead are purely coincidental.
Phillip K Dick — Do Androids Dream of Electric Sheep, Maybe I’ll go where I can see stars.
Virginia Woolf — Between the Acts, Books are the mirrors of the soul.
Virginia Woolf — The Waves, Let me sit here for ever with bare things this coffee cup this knife this fork things in themselves myself being myself.
Virginia Woolf, The eyes of others our prisons; their thoughts our cages.
Jim Butcher — Grave Peril, We have now left Reason and Sanity Junction. Next stop Looneyville.
Jim Butcher — Grave Peril, Of course Evil's afoot. If it had switched to the metric system it'd be up to a meter by now.
Jim Butcher — Storm Front, I think that men ought to treat women like something other than weaker men with breasts.
Jim Butcher — Storm Front, Don’t mess with a wizard when he’s wizarding.
Jim Butcher — Storm Front, Harry what you know about women I could juggle.
Jim Butcher — White Night, Age is always advancing and I'm fairly sure it's up to no good.
Jim Butcher — Changes, Even in winter the cold isn't always bitter and not every day is cruel.
Jim Butcher — Summer Knight, In the name of the Pizza Lord. Charge!
Jim Butcher — Summer Knight, I died. I died and someone made a clerical error and I am in heaven.
Jim Butcher — Turn Coat, The human mind is not a terribly logical or consistent place.
Jim Butcher — Turn Coat, If you can't stop the bad thoughts from coming to visit at least you can make fun of them while they're hanging around.
Jim Butcher — Turn Coat, We’re all the hero of our own story.
Jim Butcher — Dead Beat, Life is a journey. Time is a river. The door is ajar.
Jonathan Foer — Extremely Loud and Incredibly Close, Sometimes I can hear my bones straining under the weight of all the lives I’m not living.
Zadie Smith — The Autograph Man, She hopes for nothing except fine weather and a resolution. She wants to end properly like a good sentence.
Zadie Smith — White Teeth, Every moment happens twice: inside and outside and they are two different histories.
Zadie Smith — White Teeth, We are creatures of consequence.
Zadie Smith — White Teeth, In the end your past is not my past and your truth is not my truth and your solution is not my solution.
Zadie Smith — White Teeth, The wicked lie that the past is always tense and the future perfect.
Wendell Berry — Jayber Crow, Some nights in the midst of this loneliness I swung among the scattered stars at the end of the thin thread of faith alone.
JK Rowling — Harry Potter and the Sorceror’s Stone, To the well-organized mind death is but the next great adventure.
JK Rowling — Harry Potter and the Prisoner of Azkaban, I solemnly swear that I am up to no good.
JK Rowling — Harry Potter and the Deathly Hallows, In opening them he discovered he had eyes.
HG Wells — The War of the Worlds, For after battle comes quiet.
HG Wells — The War of the Worlds, Few people realise the immensity of vacancy in which the dust of the material universe swims.
HG Wells — The Time Machine, We are always getting away from the present moment.
HG Wells — The Island of Doctor Moreau, I hope or I could not live.
Adrian Tchaikovsky — Children of Time, Humanity is overrated.
Adrian Tchaikovsky — Children of Time, That is the problem with ignorance. You can never truly know the extent of what you are ignorant about.
Martha Wells — All Systems Red, As a heartless killing machine I was a terrible failure.
Becky Chambers — The Long Way to a Small Angry Planet, I can wait for the galaxy outside to get a little kinder.
Becky Chambers — The Long Way to a Small Angry Planet, The people we remember are the ones who decided how our maps should be drawn. Nobody remembers who built the roads.
Becky Chambers — The Long Way to a Small Angry Planet, Time was a curious equaliser.
Becky Chambers — The Long Way to a Small Angry Planet, If you have a fractured bone and I’ve broken every bone in my body does that make your fracture go away? Does it hurt you any less knowing that I am in more pain?
Becky Chambers — The Long Way to a Small Angry Planet, Such a quintessentially Human thing to express sorrow through apology.
Becky Chambers — A Psalm for the Wild Built, We don’t have to fall into the same category to be of equal value.
Becky Chambers — A Psalm for the Wild Built, Sometimes those configurations of matter are special enough to be able to see the world around them. You and I—we’re just atoms that arranged themselves the right way and we can understand that about ourselves. Is that not amazing?
Becky Chambers — A Psalm for the Wild Built, You keep asking why your work is not enough and I don’t know how to answer that because it is enough to exist in the world and marvel at it.
Becky Chambers — Record of a Spaceborn Few, From the ground we stand. From our ships we live. By the stars we hope.
Celeste Ng — Little Fires Everywhere, Anger is fear’s bodyguard.
Jeffrey Euginedes — Middlesex, It was one of those humid days when the atmosphere gets confused. Sitting on the porch you could feel it: the air wishing it was water.
Jeffrey Euginedes — Middlesex, Biology gives you a brain. Life turns it into a mind.
Jeffrey Euginedes — Middlesex, Historical fact: People stopped being people in 1913.
Jeffrey Euginedes — Middlesex, The only way we know it's true is that we both dreamed it. That's what reality is. It's a dream everyone has together.
Jeffrey Euginedes — Middlesex, I went into the desert to forget about you. But the sand was the color of your hair. The desert sky was the color of your eyes. There was nowhere I could go that wouldn't be you.
Jeffrey Euginedes — Middlesex, I've never had the right words to describe my life.
Karen Joy Fowler — We Are All Completely Beside Ourselves, In the phrase human being the word being is much more important than the word human.
Karen Joy Fowler — We Are All Completely Beside Ourselves, I'm unclear on the definition of person the courts have been using. Something that sieves out dolphins but lets corporations slide on through.
Karen Joy Fowler — We Are All Completely Beside Ourselves, No utopia is utopia for everyone.
Karen Joy Fowler — The Jane Austen Book Club, I once broke up with a boy because he wrote me an awful poem.
Karen Joy Fowler — Sarah Canary, Trees are as close to immortality as the rest of us ever come.
John Scalzi — Old Man’s War, Do not mourn me friends. I fall as a shooting star into the next life.
John Scalzi — Redshirts, I don't care whether I really exist or don't whether I'm real or fictional. What I want right now is to be the person who decides my own fate.
John Scalzi — Redshirts, We've already established whoever is writing us is an asshole.
John Scalzi — Redshirts, Who are you and what medications aren't you taking?
John Scalzi — Lock In, You say ‘cure.’ I hear ‘you’re not human enough.
Paolo Bacigalupi — The Windup Girl, A sudden eruption and the surprise of realizing that the world he understands is not the one he actually inhabits.
Yann Martel — Life of Pi, If there's only one nation in the sky shouldn't all passports be valid for it?
Yann Martel — Life of Pi, The world isn't just the way it is. It is how we understand it no? And in understanding something we bring something to it no?
Fonda Lee — Jade City, He loves me too much to let me get involved in the war in any way … and I love him too much to obey.
Fonda Lee — Jade War, If you’re not sure you’re in love then you’re not.
Fonda Lee — Jade Legacy, Far do your enemies flee.
Fonda Lee — Jade Legacy, When something has to be done there's always a way to do it.
Fonda Lee — Jade Legacy, We don’t handle this world. We make it handle us.
Eowyn Ivey — The Snow Child, She looked directly up into the northern lights and she wondered if those cold-burning spectres might not draw her breath her very soul out of her chest and into the stars.
Eowyn Ivey — The Snow Child, We are allowed to do that are we not Mabel? To invent our own endings
Philip Roth — American Pastoral, Life is just a short period of time in which you are alive.
Philip Roth — American Pastoral, He had learned the worst lesson that life can teach - that it makes no sense.
Philip Roth — American Pastoral, There are no reasons. She is obliged to be as she is. We all are. Reasons are in books.
David Arnold — Mosquitoland, I swear the longer I live the less things make sense.
David Arnold — Mosquitoland, I am a collection of oddities a circus of neurons and electrons: my heart is the ringmaster my soul is the trapeze artist and the world is my audience. It sounds strange because it is and it is because I am strange.
Ken Follett — Fall of Giants, A baby was like a revolution Grigori thought: you could start one but you could not control how it would turn out.
Ken Follett — Fall of Giants, Little things please little minds.
Chris Cleave — Little Bee, We were exiles from reality that summer. We were refugees from ourselves.
Chris Cleave — Little Bee, I’m telling you trouble is like the ocean. It covers two thirds of the world.
Chris Cleave — Little Bee, I was very young then and I did not miss having a future because I did not know I was entitled to one.
Chris Cleave — Little Bee, Our stories are the tellers of us.
Hilary Mantel — Wolf Hall, Arrange your face.
Norman MacLean — A River Runs Through It, Eventually all things merge into one and a river runs through it. The river was cut by the world's great flood and runs over rocks from the basement of time. On some of the rocks are timeless raindrops. Under the rocks are the words and some of the words are theirs. I am haunted by waters.
Norman MacLean — A River Runs Through It, The world is full of bastards the number increasing rapidly the further one gets from Missoula Montana.
Richard Bach — John Livingston Seagull, You've sacrificed your entire life to be who you are today. Was it worth it?
Ralph Waldo Emerson — Self-Reliance, I cannot remember the books I've read any more than the meals I have eaten; even so they have made me.
Ralph Waldo Emerson — Self-Reliance, There is creative reading as well as creative writing.
Ralph Waldo Emerson — Self-Reliance, Sometimes a scream is better than a thesis.
Ralph Waldo Emerson — Self-Reliance, All my best thoughts were stolen by the ancients.
Ralph Waldo Emerson — Nature, Live in the sunshine swim the sea drink the wild air.
Ralph Waldo Emerson — Nature, The creation of a thousand forests is in one acorn.
Ralph Waldo Emerson — Nature, Atom from atom yawns as far as moon from earth or star from star.
Ralph Waldo Emerson — Nature, The earth laughs in flowers.
Ralph Waldo Emerson — Collections, A hero is no braver than an ordinary man but he is brave five minutes longer.
Ralph Waldo Emerson — Collections, We are always getting ready to live but never living.
Ralph Waldo Emerson — Collections, The only person you are destined to become is the person you decide to be.
Edmund Spenser — The Fairie Queene, Death slew not him but he made death his ladder to the skies.
Edgar Allan Poe — The Murders in the Rue Morgue, To observe attentively is to remember distinctly.
Edgar Allan Poe — The Raven, Once upon a midnight dreary while I pondered weak and weary over many a quaint and curious volume of forgotten lore.
Edgar Allan Poe — The Raven, Quoth the raven nevermore!
Alan Bennett — The Uncommon Reader, What she was finding also was how one book led to another doors kept opening wherever she turned and the days weren't long enough for the reading she wanted to do.
William Faulkner — The Sound and the Fury, Wonder. Go on and wonder.
William Faulkner — The Sound and the Fury, Clocks slay time.
William Faulkner — The Sound and the Fury, A man is the sum of his misfortunes.
William Faulkner — As I Lay Dying, I feel like a wet seed wild in the hot blind earth.
William Faulkner — As I Lay Dying, She prayed for me because she believed I was blind to sin wanting me to kneel and pray too because people to whom sin is just a matter of words to them salvation is just words too.
William Faulkner — As I Lay Dying, In a strange room you must empty yourself for sleep. And before you are emptied for sleep what are you. And when you are emptied for sleep you are not. And when you are filled with sleep you never were. I don't know what I am. I don't know if I am or not.
William Faulkner — As I Lay Dying, The sun an hour above the horizon is poised like a bloody egg upon a crest of thunderheads.
William Faulkner — As I Lay Dying, Then it wasn't and she was and now it is and she wasn't.
William Faulkner — As I Lay Dying, That was when I learned that words are no good; that words dont ever fit even what they are trying to say at.
William Faulkner — As I Lay Dying, How often have I lain beneath rain on a strange roof thinking of home.
William Faulkner — As I Lay Dying, It takes two people to make you and one people to die. That's how the world is going to end.
William Faulkner — As I Lay Dying, And then he died. He did not know he was dead.
William Faulkner — As I Lay Dying, Memory believes before knowing remembers.
William Faulkner — As I Lay Dying, The reason for living was to get ready to stay dead a long time.
William Faulkner — Mosquitos, Talk talk talk. The utter and heartbreaking stupidity of words.
William Faulkner, If a story is in you it has to come out.
Betty Smith — A Tree Grows in Brooklyn, The world was hers for the reading.
Rachel Carson — The Edge of the Sea, In every outthrust headland in every curving beach in every grain of sand there is the story of the earth.
Rachel Carson — Silent Spring, There is something infinitely healing in the repeated refrains of nature -- the assurance that dawn comes after night and spring after winter.
Rachel Carson — Silent Spring, In nature nothing exists alone.
Vernor Vinge — A Fire Upon the Deep, Planetary clouds below your keel stars and indigo sky above.
Kevin J Anderson — A Forest of Stars, We must think beyond ourselves.
Kevin J Anderson — Clockwork Angels, The best place to start an adventure is with a quiet perfect life... And someone who realizes that it can't possibly be enough.
Yoon Ha Lee — Ninefox Gambit, The universe ran on death. All the clockwork wonders in the world couldn’t halt entropy.
Yoon Ha Lee — Ninefox Gambit, The silence could have swallowed a star.
Yoon Ha Lee — Ninefox Gambit, All communication is manipulation. You’re a mathematician. You should know that from information theory.
Yoon Ha Lee — Ninefox Gambit, War is about taking the future away from people.
Yoon Ha Lee — Ninefox Gambit, Remember that despite the fact that I'm a traitor and mass murderer one of us is expendable and it isn't me.
Yoon Ha Lee — Ninefox Gambit, The knife was sharp in the way of bitter nights.
Yoon Ha Lee — Ninefox Gambit, You probably have some notion that we wield weapons and formations and plans. But none of that matters if you can’t wield people.
Yoon Ha Lee — Ninefox Gambit, As they closed with the enemy numbers blazed to life along the lengths of the blades: the day and the hour of your death.
Catherynne M Valente — Palimpsest, You have to allow yourself to open up until you are the exact size of the place you live no more or else you get restless. No less or else you drown.
Anne McCaffrey — Dragonsong, Maybes never are.
Anne McCaffrey — Dragonsong, My nightly craft is winged in white a dragon of night dark sea. Swift born dream bound and rudderless her captain and crew are me.
Anne McCaffrey — Acorna, Old family motto: the best revenge is revenge.
Anne McCaffrey — Acorna, When the tiger executes a merger with the goat which one walks away?
Anne McCaffrey — The Chronicles of Pern, Isn’t this planet big enough for differences?
Anne McCaffrey — Nerilka’s Story, It is time to end a story that began in sorrow and ordeal and has ended in a deep and lasting happiness. May it be so for others.
Julie de Lespinasse — Letters to Count de Guibert, You know that when I hate you it is because I love you to a point of passion that unhinges my soul.
Ann Leckie — Ancillary Justice, Luxury always comes at someone else’s expense. One of the many advantages of civilization is that one doesn’t generally have to see that if one doesn’t wish.
Ann Leckie — Ancillary Justice, Without feelings insignificant decisions become excruciating attempts to compare endless arrays of inconsequential things.
Ann Leckie — Ancillary Justice, Or is anyone’s identity a matter of fragments held together by convenient or useful narrative.
Ann Leckie — Ancillary Justice, You never knelt to get anywhere.
Ann Leckie — Ancillary Justice, Have a beer instead.
Ann Leckie — Ancillary Justice, You can kill me you mean. You can destroy my sense of self and replace it with one you approve of.
Ann Leckie — Ancillary Justice, Beginnings imply and require endings.
Ann Leckie — Ancillary Justice, Ships have feelings.
Ann Leckie — Ancillary Justice, Things happen the way they happen because the world is the way it is.
Ann Leckie — Ancillary Justice, Oh how I missed the rest of myself.
Ann Leckie — Ancillary Justice, She was probably male.
Ann Leckie — Ancillary Justice, Every ending is an arbitrary one.
Ann Leckie — Ancillary Justice, Falling didn't bother me. I could fall forever and not be hurt. It's stopping that's the problem.
Ian McDonald — River of Gods, Any AI smart enough to pass a Turing test is smart enough to know to fail it.
Mary Robinette Kowal — The Fated Sky, My mother once told me that an apology wasn’t about being right or wrong but showing that the relationship was more important than the problem.
Mary Robinette Kowal — The Fated Sky, I don't want you stuck on Earth wishing you were in the stars.
Aleksander Solzhenitsyn — Candle in the Wind, To stand up for truth is nothing. For truth you must sit in jail.
Aleksander Solzhenitsyn — The Gulag Archipelago, Nothing is more boring than a man with a career.
Aleksander Solzhenitsyn — One Day in the Life of Ivan Denisovich, Beat a dog once and you only have to show him the whip.
Aleksander Solzhenitsyn — One Day in the Life of Ivan Denisovich, In our village folks say God crumbles up the old moon into stars.
Ken McDonald — Intrusion, Change the problem by changing your mind.
Mira Grant — Feed, We took a world that was huge with possibility and we made it as small as we could.
TJ Klune — The House in the Cerulean Sea, I may have lost my mind. Isn’t it wonderful?
TJ Klune — The House in the Cerulean Sea, He couldn't believe it was only Wednesday. And it was made worse when he realized it was actually Tuesday.
TJ Klune — The House in the Cerulean Sea, You’re too precious to put into words. I think … it’s like one of Theodore’s buttons. If you asked him why he cared about them so he would tell you it’s because they exist at all.
TJ Klune — The House in the Cerulean Sea, I am but paper and though there are many like me none are exactly the same. I am parched parchment. I have lines. I have holes. Get me wet and I melt. Light me on fire and I burn. Take me in hardened hands and I crumple. I tear. I am but paper. Brittle and thin.
Naomi Novik — Spinning Silver, But it was all the same choice every time. The choice between the one death and all the little ones.
Maria Dahvana Headley — The Mere Wife, Every life starts with the same beginning and ends with the same end.
Maria Dahvana Headley — The Mere Wife, No one needs to see us for us to exist. No one needs to love us for us to exist. The sky is filled with light. The world is full of wonders.
Maria Dahvana Headley — The Mere Wife, This is our sentence these suburbs the train that does not stretch to meet them.
Robert Bennett — City of Stairs, I never saw a country before. All I saw was the earth under my feet.
RF Kuang — Babel, Language was just difference. A thousand different ways of seeing of moving through the world. No a thousand worlds within one. And translation a necessary endeavor however futile to move between them.
Ruth Ozeki — The Book of Form and Emptiness, Life is lived from birth to death from the beginning into an unknowable future. But stories are told in hindsight. Stories are life lived backward.
Ruth Ozeki — The Book of Form and Emptiness, One book when read by different readers becomes different books.
Ruth Ozeki — The Book of Form and Emptiness, Fish swim in water unaware that it is water. Birds fly in air unaware that it is air. Story is the air that you people breathe the ocean you swim in.
Ruth Ozeki — The Book of Form and Emptiness, Space and time were hopelessly entangled and the present moment was growing increasingly remote.
Ruth Ozeki — The Book of Form and Emptiness, A book must start somewhere. One brave letter must volunteer to go first laying itself on the line in an act of faith from which a word takes heart and follows drawing a sentence into its wake. From there a paragraph amasses and soon a page and the book is on its way finding a voice calling itself into being.
Ruth Ozeki — The Book of Form and Emptiness, And oh the visions we had! Container ships glittering on a moonlit night off the coast of Alaska. Pyramids of sulfur rising yellow in the mist. The plundered moon and all its craters; globes and stars and asteroids; a jet black crow with a diamond tiara; a flock of rubber duckies spinning through the Pacific gyres. At the sound of a footstep a young girl freezes and Andromeda sparkles in the firmament. Fires rage as the redwoods burn; and in the deep ocean a pilot whale carries her dead baby on her nose while sea turtles weep briny tears onto nets of plastic.
Shelley Parker-Chan — She Who Became the Sun, If you want a fate other than what Heaven gave you you have to want that other fate.
Stephen Baxter — Proxima, Two damaged people thrown together in a hostile world doing their best. What else was there to life in the end?
Stephen Baxter — Proxima, Earth stuff Mars boy
Stephen Baxter — The Long Earth, But yeah it was a totally weird place looking back. But the right kind of weird. Good weird. The nuns had a lot of freedom. We read Carl Sagan before the Old Testament.
Stephen Baxter — Time, There was a German called Leibniz.
Stephen Baxter — Exultant, I have a vision of a Galaxy overrun by mankind from Core to rim. Of four hundred billion stars each enslaved to the rhythm of Earth's day Earth's year. I have a vision of a trillion planets pulsing to the beat of a human heart.
Stephen Baxter — Manifold Space, Thinking about paradoxes is the way human understanding advances
Stephen Baxter — The Thousand Earths, We are a side-effect of the universe not its central function – which seems to be to create star stuff.
Stephen Baxter — Ark, We seem to be young in a very old Galaxy. We're like kids tiptoeing through a ruined mansion.
Robert J Sawyer — Calculating God, Learning to ignore things is one of the great paths to inner peace.
Gabrielle Zevin — Tomorrow and Tomorrow and Tomorrow, What is love except the irrational desire to put evolutionary competitiveness aside in order to ease someone else's journey through life?
Gabrielle Zevin — Tomorrow and Tomorrow and Tomorrow, But it is worth noting that to be good at something is not quite the same as loving it.
Gabrielle Zevin — Tomorrow and Tomorrow and Tomorrow, To Marx it seemed foolish not to love as many things as you could.
Gabrielle Zevin — Tomorrow and Tomorrow and Tomorrow, Every time I run into you for the rest of our lives I'll ask you to make a game with me.
William Butler Yeats, There are no strangers here; only friends you haven't yet met.
Jack Kerouac — On the Road, The only people for me are the mad ones the ones who are mad to live mad to talk mad to be saved desirous of everything at the same time the ones who never yawn or say a commonplace thing but burn burn burn like fabulous yellow roman candles exploding like spiders across the stars.
Jack Kerouac — The Dharma Bums, One day I will find the right words and they will be simple.
